Date;Rainfall
28/01/2008;0
29/01/2008;0
30/01/2008;0.3
31/01/2008;0
01/02/2008;0
02/02/2008;0
03/02/2008;0
04/02/2008;0
05/02/2008;0
06/02/2008;1.5
07/02/2008;2.3
08/02/2008;4.6
09/02/2008;0
10/02/2008;0
11/02/2008;0
12/02/2008;0
13/02/2008;0
14/02/2008;0
15/02/2008;0
16/02/2008;0
17/02/2008;0
18/02/2008;0
19/02/2008;0
20/02/2008;0
21/02/2008;0
22/02/2008;0
23/02/2008;0
24/02/2008;0
25/02/2008;0
26/02/2008;0
27/02/2008;0
28/02/2008;0
29/02/2008;0
01/03/2008;0
02/03/2008;0
03/03/2008;0
04/03/2008;0
05/03/2008;0
06/03/2008;0
07/03/2008;0
08/03/2008;0
09/03/2008;0
10/03/2008;0
11/03/2008;0
12/03/2008;0
13/03/2008;0
14/03/2008;0
15/03/2008;0
16/03/2008;0
17/03/2008;0
18/03/2008;0
19/03/2008;0
20/03/2008;0
21/03/2008;0
22/03/2008;0
23/03/2008;0
24/03/2008;0
25/03/2008;0
26/03/2008;0
27/03/2008;0
28/03/2008;0
29/03/2008;0
30/03/2008;0
31/03/2008;0
01/04/2008;0
02/04/2008;0
03/04/2008;0
04/04/2008;0
05/04/2008;0
06/04/2008;0
07/04/2008;0
08/04/2008;0
09/04/2008;0
10/04/2008;0
11/04/2008;0
12/04/2008;0
13/04/2008;0
14/04/2008;0
15/04/2008;0
16/04/2008;0
17/04/2008;0
18/04/2008;0
19/04/2008;0
20/04/2008;0
21/04/2008;0
22/04/2008;0
23/04/2008;0
24/04/2008;0
25/04/2008;0
26/04/2008;0
27/04/2008;0
28/04/2008;0
29/04/2008;0
30/04/2008;0
01/05/2008;0
02/05/2008;0
03/05/2008;0
04/05/2008;0
05/05/2008;0
06/05/2008;0
07/05/2008;0
08/05/2008;0
09/05/2008;0
10/05/2008;0
11/05/2008;0
12/05/2008;0
13/05/2008;0
14/05/2008;0
15/05/2008;0
16/05/2008;0
17/05/2008;0
18/05/2008;0
19/05/2008;0
20/05/2008;0
21/05/2008;0
22/05/2008;0
23/05/2008;0
24/05/2008;0
25/05/2008;0
26/05/2008;0
27/05/2008;0
28/05/2008;0
29/05/2008;0
30/05/2008;0
31/05/2008;0
01/06/2008;0
02/06/2008;0
03/06/2008;0
04/06/2008;0
05/06/2008;0
06/06/2008;0
07/06/2008;0
08/06/2008;0
09/06/2008;0
10/06/2008;0
11/06/2008;0
12/06/2008;0
13/06/2008;0
14/06/2008;0
15/06/2008;0
16/06/2008;0
17/06/2008;0
18/06/2008;0
19/06/2008;0
20/06/2008;0
21/06/2008;0
22/06/2008;0
23/06/2008;0
24/06/2008;0
25/06/2008;0
26/06/2008;0
27/06/2008;0
28/06/2008;0
29/06/2008;0
30/06/2008;0
01/07/2008;0
02/07/2008;0
03/07/2008;0
04/07/2008;0
05/07/2008;0
06/07/2008;0
07/07/2008;0
08/07/2008;0
09/07/2008;0
10/07/2008;0
11/07/2008;0
12/07/2008;0
13/07/2008;0
14/07/2008;0
15/07/2008;0
16/07/2008;0
17/07/2008;0
18/07/2008;0
19/07/2008;0
20/07/2008;0
21/07/2008;0
22/07/2008;0
23/07/2008;0
24/07/2008;0
25/07/2008;0
26/07/2008;0
27/07/2008;0
28/07/2008;0
29/07/2008;0
30/07/2008;0
31/07/2008;0
01/08/2008;0
02/08/2008;0
03/08/2008;0
04/08/2008;0
05/08/2008;0
06/08/2008;0
07/08/2008;0
08/08/2008;0
09/08/2008;0
10/08/2008;0
11/08/2008;0
12/08/2008;0
13/08/2008;0
14/08/2008;0
15/08/2008;0
16/08/2008;0
17/08/2008;0
18/08/2008;0
19/08/2008;0
20/08/2008;0
21/08/2008;0
22/08/2008;0
23/08/2008;0
24/08/2008;0
25/08/2008;0
26/08/2008;0
27/08/2008;0
28/08/2008;0
29/08/2008;0
30/08/2008;0
31/08/2008;0
01/09/2008;0
02/09/2008;0
03/09/2008;0
04/09/2008;0
05/09/2008;0
06/09/2008;0
07/09/2008;0
08/09/2008;0
09/09/2008;0
10/09/2008;0
11/09/2008;0
12/09/2008;0
13/09/2008;0
14/09/2008;0
15/09/2008;0
16/09/2008;0
17/09/2008;0
18/09/2008;0
19/09/2008;0
20/09/2008;0
21/09/2008;0
22/09/2008;0
23/09/2008;0
24/09/2008;0
25/09/2008;0
26/09/2008;0
27/09/2008;0
28/09/2008;0
29/09/2008;0
30/09/2008;0
01/10/2008;0
02/10/2008;0
03/10/2008;0
04/10/2008;0
05/10/2008;0
06/10/2008;0
07/10/2008;0
08/10/2008;0
09/10/2008;0
10/10/2008;0
11/10/2008;0
12/10/2008;0
13/10/2008;0
14/10/2008;0
15/10/2008;0
16/10/2008;0
17/10/2008;0
18/10/2008;0
19/10/2008;0
20/10/2008;0
21/10/2008;0
22/10/2008;0
23/10/2008;0.3
24/10/2008;0
25/10/2008;0.3
26/10/2008;0.5
27/10/2008;0
28/10/2008;0.3
29/10/2008;0
30/10/2008;0
31/10/2008;0
01/11/2008;0
02/11/2008;0
03/11/2008;0
04/11/2008;0
05/11/2008;3.8
06/11/2008;8.9
07/11/2008;0
08/11/2008;3.3
09/11/2008;4.3
10/11/2008;0
11/11/2008;3.3
12/11/2008;0
13/11/2008;0.5
14/11/2008;0
15/11/2008;0
16/11/2008;0
17/11/2008;12.5
18/11/2008;0.8
19/11/2008;0
20/11/2008;0.5
21/11/2008;0
22/11/2008;1.8
23/11/2008;0.5
24/11/2008;1.3
25/11/2008;1
26/11/2008;7.9
27/11/2008;2.3
28/11/2008;2.5
29/11/2008;0.3
30/11/2008;0
01/12/2008;0.3
02/12/2008;5.1
03/12/2008;0
04/12/2008;1
05/12/2008;0
06/12/2008;5.8
07/12/2008;2.3
08/12/2008;0
09/12/2008;0
10/12/2008;0
11/12/2008;0
12/12/2008;0
13/12/2008;0.3
14/12/2008;0
15/12/2008;0
16/12/2008;0
17/12/2008;0
18/12/2008;0
19/12/2008;0
20/12/2008;0
21/12/2008;0
22/12/2008;0
23/12/2008;0
24/12/2008;0
25/12/2008;0
26/12/2008;0
27/12/2008;0
28/12/2008;0
29/12/2008;0
30/12/2008;0
31/12/2008;0
01/01/2009;0
02/01/2009;0
03/01/2009;0
04/01/2009;0
05/01/2009;0
06/01/2009;0
07/01/2009;0
08/01/2009;0
09/01/2009;0
10/01/2009;0
11/01/2009;0
12/01/2009;0
13/01/2009;0
14/01/2009;0
15/01/2009;0
16/01/2009;0
17/01/2009;0
18/01/2009;0
19/01/2009;0
20/01/2009;0
21/01/2009;0
22/01/2009;0
23/01/2009;0
24/01/2009;0
25/01/2009;0
26/01/2009;0
27/01/2009;0
28/01/2009;0
29/01/2009;0
30/01/2009;0
31/01/2009;0
01/02/2009;0
02/02/2009;0
03/02/2009;0
04/02/2009;0
05/02/2009;0
06/02/2009;0
07/02/2009;0
08/02/2009;0
09/02/2009;0
10/02/2009;0
11/02/2009;0
12/02/2009;0
13/02/2009;0
14/02/2009;0
15/02/2009;0
16/02/2009;0
17/02/2009;0
18/02/2009;0
19/02/2009;0
20/02/2009;0
21/02/2009;0
22/02/2009;0
23/02/2009;0
24/02/2009;0
25/02/2009;0
26/02/2009;0
27/02/2009;0
28/02/2009;0
01/03/2009;0
02/03/2009;0
03/03/2009;0
04/03/2009;0
05/03/2009;0
06/03/2009;0
07/03/2009;0
08/03/2009;0
09/03/2009;0
10/03/2009;0
11/03/2009;0
12/03/2009;0
13/03/2009;0
14/03/2009;0
15/03/2009;0
16/03/2009;0
17/03/2009;0
18/03/2009;0
19/03/2009;0
20/03/2009;0
21/03/2009;0
22/03/2009;0
23/03/2009;0
24/03/2009;0
25/03/2009;0
26/03/2009;0
27/03/2009;0
28/03/2009;0
29/03/2009;0
30/03/2009;0
31/03/2009;0
01/04/2009;0
02/04/2009;0
03/04/2009;0
04/04/2009;0
05/04/2009;0
06/04/2009;0
07/04/2009;0
08/04/2009;0
09/04/2009;0
10/04/2009;0
11/04/2009;0
12/04/2009;0
13/04/2009;0
14/04/2009;0
15/04/2009;0
16/04/2009;0
17/04/2009;0
18/04/2009;0
19/04/2009;0
20/04/2009;0
21/04/2009;0
22/04/2009;0
23/04/2009;0
24/04/2009;0
25/04/2009;0
26/04/2009;0
27/04/2009;0
28/04/2009;0
29/04/2009;0
30/04/2009;0
01/05/2009;0
02/05/2009;0
03/05/2009;0
04/05/2009;0
05/05/2009;0
06/05/2009;0
07/05/2009;0
08/05/2009;0
09/05/2009;0
10/05/2009;0
11/05/2009;0
12/05/2009;0
13/05/2009;0
14/05/2009;0
15/05/2009;0
16/05/2009;0
17/05/2009;0
18/05/2009;0
19/05/2009;0
20/05/2009;0
21/05/2009;0
22/05/2009;0
23/05/2009;0
24/05/2009;0
25/05/2009;0
26/05/2009;0
27/05/2009;0
28/05/2009;0
29/05/2009;0
30/05/2009;0
31/05/2009;0
01/06/2009;0
02/06/2009;0
03/06/2009;0
04/06/2009;0
05/06/2009;0
06/06/2009;0
07/06/2009;0
08/06/2009;0
09/06/2009;0
10/06/2009;0
11/06/2009;0
12/06/2009;0
13/06/2009;0
14/06/2009;0
15/06/2009;0
16/06/2009;0
17/06/2009;0
18/06/2009;0
19/06/2009;0
20/06/2009;0
21/06/2009;0
22/06/2009;0
23/06/2009;0
24/06/2009;0
25/06/2009;0
26/06/2009;0
27/06/2009;0
28/06/2009;0
29/06/2009;0
30/06/2009;0
01/07/2009;0
02/07/2009;0
03/07/2009;0
04/07/2009;0
05/07/2009;0
06/07/2009;0
07/07/2009;0
08/07/2009;0
09/07/2009;0
10/07/2009;0
11/07/2009;0
12/07/2009;0
13/07/2009;0
14/07/2009;0
15/07/2009;0
16/07/2009;0
17/07/2009;0
18/07/2009;0
19/07/2009;0
20/07/2009;0
21/07/2009;0
22/07/2009;0
23/07/2009;0
24/07/2009;0
25/07/2009;0
26/07/2009;0
27/07/2009;0
28/07/2009;0
29/07/2009;0
30/07/2009;0
31/07/2009;0
01/08/2009;0
02/08/2009;0
03/08/2009;0
04/08/2009;0
05/08/2009;0
06/08/2009;0
07/08/2009;0
08/08/2009;0
09/08/2009;0
10/08/2009;3.8
11/08/2009;0
12/08/2009;1.5
13/08/2009;0
14/08/2009;0
15/08/2009;0
16/08/2009;0
17/08/2009;0
18/08/2009;0
19/08/2009;0
20/08/2009;0
21/08/2009;0
22/08/2009;0
23/08/2009;0
24/08/2009;0
25/08/2009;0
26/08/2009;0
27/08/2009;0
28/08/2009;0
29/08/2009;0
30/08/2009;0
31/08/2009;0
01/09/2009;0
02/09/2009;0
03/09/2009;0
04/09/2009;0
05/09/2009;0
06/09/2009;0
07/09/2009;0
08/09/2009;0
09/09/2009;0
10/09/2009;0
11/09/2009;0
12/09/2009;0
13/09/2009;0
14/09/2009;0
15/09/2009;0
16/09/2009;0
17/09/2009;0
18/09/2009;0
19/09/2009;0
20/09/2009;0
21/09/2009;0
22/09/2009;0
23/09/2009;0
24/09/2009;0
25/09/2009;1.5
26/09/2009;0
27/09/2009;3.3
28/09/2009;0.3
29/09/2009;1.5
30/09/2009;0
01/10/2009;0
02/10/2009;4.8
03/10/2009;0
04/10/2009;0
05/10/2009;0
06/10/2009;0
07/10/2009;0
08/10/2009;0
09/10/2009;0
10/10/2009;0
11/10/2009;0.3
12/10/2009;0
13/10/2009;0
14/10/2009;7.4
15/10/2009;0
16/10/2009;0.5
17/10/2009;0
18/10/2009;0
19/10/2009;0
20/10/2009;0
21/10/2009;0
22/10/2009;0
23/10/2009;0.8
24/10/2009;0
25/10/2009;0
26/10/2009;0
27/10/2009;0
28/10/2009;0
29/10/2009;0.3
30/10/2009;0
31/10/2009;0
01/11/2009;0
02/11/2009;0
03/11/2009;0
04/11/2009;0
05/11/2009;0
06/11/2009;0
07/11/2009;0
08/11/2009;0
09/11/2009;0
10/11/2009;0
11/11/2009;0
12/11/2009;0
13/11/2009;0
14/11/2009;0
15/11/2009;0
16/11/2009;0
17/11/2009;0
18/11/2009;7.1
19/11/2009;7.4
20/11/2009;0
21/11/2009;0
22/11/2009;0
23/11/2009;0
24/11/2009;0
25/11/2009;1.3
26/11/2009;0
27/11/2009;0.3
28/11/2009;5.8
29/11/2009;0
30/11/2009;0
01/12/2009;0
02/12/2009;0
03/12/2009;0
04/12/2009;0
05/12/2009;6.1
06/12/2009;0.3
07/12/2009;0.3
08/12/2009;0
09/12/2009;0
10/12/2009;0
11/12/2009;0
12/12/2009;0
13/12/2009;0
14/12/2009;5.1
15/12/2009;1.5
16/12/2009;0
17/12/2009;0
18/12/2009;0
19/12/2009;0
20/12/2009;1
21/12/2009;1.5
22/12/2009;0.3
23/12/2009;0
24/12/2009;0.8
25/12/2009;4.6
26/12/2009;0
27/12/2009;0
28/12/2009;0
29/12/2009;0.8
30/12/2009;7.6
31/12/2009;9.9
01/01/2010;0
02/01/2010;0
03/01/2010;0
04/01/2010;1.5
05/01/2010;2.8
06/01/2010;1
07/01/2010;0
08/01/2010;0
09/01/2010;6.6
10/01/2010;0.3
11/01/2010;0
12/01/2010;0
13/01/2010;8.6
14/01/2010;11.9
15/01/2010;12.7
16/01/2010;0
17/01/2010;0
18/01/2010;3.6
19/01/2010;31
20/01/2010;0.5
21/01/2010;10.7
22/01/2010;0
23/01/2010;0
24/01/2010;0
25/01/2010;0
26/01/2010;0
27/01/2010;0
28/01/2010;0
29/01/2010;0
30/01/2010;0
31/01/2010;0
01/02/2010;0
02/02/2010;0
03/02/2010;0
04/02/2010;0
05/02/2010;0
06/02/2010;0
07/02/2010;0.8
08/02/2010;2.3
09/02/2010;0.3
10/02/2010;0
11/02/2010;0
12/02/2010;0
13/02/2010;0
14/02/2010;0
15/02/2010;0
16/02/2010;0
17/02/2010;0
18/02/2010;0
19/02/2010;0
20/02/2010;0
21/02/2010;0
22/02/2010;0
23/02/2010;0
24/02/2010;0
25/02/2010;0
26/02/2010;0
27/02/2010;0
28/02/2010;0
01/03/2010;1
02/03/2010;0
03/03/2010;0
04/03/2010;0
05/03/2010;0
06/03/2010;0
07/03/2010;0
08/03/2010;0.8
09/03/2010;0
10/03/2010;22.4
11/03/2010;2.3
12/03/2010;0.3
13/03/2010;0
14/03/2010;0
15/03/2010;0
16/03/2010;0.3
17/03/2010;9.4
18/03/2010;0
19/03/2010;0.3
20/03/2010;0.3
21/03/2010;0
22/03/2010;0.5
23/03/2010;1.8
24/03/2010;0
25/03/2010;0
26/03/2010;0.5
27/03/2010;0
28/03/2010;25.7
29/03/2010;2.3
30/03/2010;0
31/03/2010;0
01/04/2010;0
02/04/2010;0
03/04/2010;0
04/04/2010;0
05/04/2010;0
06/04/2010;0
07/04/2010;0
08/04/2010;0
09/04/2010;0
10/04/2010;0.3
11/04/2010;0
12/04/2010;0
13/04/2010;0
14/04/2010;0
15/04/2010;0
16/04/2010;0.3
17/04/2010;0
18/04/2010;0
19/04/2010;0
20/04/2010;0
21/04/2010;0
22/04/2010;0
23/04/2010;0
24/04/2010;0
25/04/2010;0
26/04/2010;0
27/04/2010;0
28/04/2010;0.5
29/04/2010;0
30/04/2010;0
01/05/2010;0
02/05/2010;0.5
03/05/2010;0.5
04/05/2010;0
05/05/2010;0
06/05/2010;0
07/05/2010;0
08/05/2010;0
09/05/2010;0
10/05/2010;2.3
11/05/2010;0
12/05/2010;0
13/05/2010;0
14/05/2010;0
15/05/2010;0
16/05/2010;0
17/05/2010;0
18/05/2010;0
19/05/2010;0
20/05/2010;0
21/05/2010;0
22/05/2010;0
23/05/2010;0
24/05/2010;0
25/05/2010;0
26/05/2010;0
27/05/2010;0
28/05/2010;0
29/05/2010;0
30/05/2010;0
31/05/2010;0
01/06/2010;0
02/06/2010;0
03/06/2010;0
04/06/2010;0
05/06/2010;0
06/06/2010;0
07/06/2010;0
08/06/2010;0
09/06/2010;0
10/06/2010;0
11/06/2010;0
12/06/2010;0
13/06/2010;0
14/06/2010;0
15/06/2010;0
16/06/2010;0
17/06/2010;0
18/06/2010;0
19/06/2010;0
20/06/2010;0
21/06/2010;0
22/06/2010;0
23/06/2010;0
24/06/2010;0
25/06/2010;0
26/06/2010;0
27/06/2010;0
28/06/2010;0
29/06/2010;0
30/06/2010;0
01/07/2010;0
02/07/2010;0
03/07/2010;0
04/07/2010;0
05/07/2010;0
06/07/2010;0
07/07/2010;0
08/07/2010;0
09/07/2010;0
10/07/2010;0
11/07/2010;0
12/07/2010;0
13/07/2010;0
14/07/2010;0
15/07/2010;0
16/07/2010;0
17/07/2010;0
18/07/2010;0
19/07/2010;0
20/07/2010;0
21/07/2010;0
22/07/2010;0
23/07/2010;0
24/07/2010;0
25/07/2010;0
26/07/2010;0
27/07/2010;0
28/07/2010;0
29/07/2010;0
30/07/2010;0
31/07/2010;0
01/08/2010;0
02/08/2010;0
03/08/2010;0
04/08/2010;0
05/08/2010;0
06/08/2010;0
07/08/2010;0
08/08/2010;0
09/08/2010;0
10/08/2010;0
11/08/2010;0
12/08/2010;0
13/08/2010;0
14/08/2010;0
15/08/2010;0
16/08/2010;0
17/08/2010;0
18/08/2010;0
19/08/2010;0
20/08/2010;0
21/08/2010;0
22/08/2010;0
23/08/2010;0
24/08/2010;0
25/08/2010;0
26/08/2010;0
27/08/2010;0
28/08/2010;0
29/08/2010;0
30/08/2010;0
31/08/2010;0
01/09/2010;0
02/09/2010;0
03/09/2010;0
04/09/2010;0
05/09/2010;0
06/09/2010;0
07/09/2010;0
08/09/2010;0
09/09/2010;0
10/09/2010;0
11/09/2010;0
12/09/2010;0
13/09/2010;0
14/09/2010;0
15/09/2010;0
16/09/2010;0
17/09/2010;0
18/09/2010;0
19/09/2010;0
20/09/2010;0
21/09/2010;0
22/09/2010;0
23/09/2010;0
24/09/2010;0
25/09/2010;0
26/09/2010;0
27/09/2010;0
28/09/2010;0
29/09/2010;0.8
30/09/2010;1
01/10/2010;0
02/10/2010;0
03/10/2010;0
04/10/2010;0
05/10/2010;0
06/10/2010;0
07/10/2010;0
08/10/2010;0
09/10/2010;0
10/10/2010;0
11/10/2010;0
12/10/2010;0
13/10/2010;0
14/10/2010;0
15/10/2010;0
16/10/2010;0
17/10/2010;0
18/10/2010;0
19/10/2010;0
20/10/2010;0
21/10/2010;0
22/10/2010;0
23/10/2010;0
24/10/2010;0
25/10/2010;0
26/10/2010;0
27/10/2010;0
28/10/2010;0
29/10/2010;0
30/10/2010;0
31/10/2010;0
01/11/2010;0
02/11/2010;0
03/11/2010;0
04/11/2010;0
05/11/2010;0
06/11/2010;0
07/11/2010;0
08/11/2010;0
09/11/2010;0
10/11/2010;0
11/11/2010;0
12/11/2010;0.5
13/11/2010;0
14/11/2010;0
15/11/2010;2.5
16/11/2010;4.3
17/11/2010;13.7
18/11/2010;4.1
19/11/2010;0
20/11/2010;0
21/11/2010;0
22/11/2010;0
23/11/2010;3.3
24/11/2010;0
25/11/2010;0
26/11/2010;0
27/11/2010;0
28/11/2010;0
29/11/2010;0
30/11/2010;0.3
01/12/2010;0
02/12/2010;0
03/12/2010;0
04/12/2010;0
05/12/2010;0
06/12/2010;3.1
07/12/2010;3.3
08/12/2010;0
09/12/2010;0
10/12/2010;0
11/12/2010;0
12/12/2010;0
13/12/2010;0
14/12/2010;0.5
15/12/2010;0.3
16/12/2010;0
17/12/2010;0
18/12/2010;0
19/12/2010;0
20/12/2010;0
21/12/2010;0
22/12/2010;0
23/12/2010;0
24/12/2010;0
25/12/2010;0
26/12/2010;0
27/12/2010;0
28/12/2010;0
29/12/2010;0.5
30/12/2010;12.7
31/12/2010;1.5
01/01/2011;0.3
02/01/2011;4.3
03/01/2011;5.3
04/01/2011;14.2
05/01/2011;0.3
06/01/2011;9.1
07/01/2011;5.8
08/01/2011;0
09/01/2011;0
10/01/2011;0
11/01/2011;0
12/01/2011;1.5
13/01/2011;22.6
14/01/2011;4.3
15/01/2011;5.3
16/01/2011;14.5
17/01/2011;3.1
18/01/2011;7.4
19/01/2011;15
20/01/2011;11.2
21/01/2011;12.2
22/01/2011;0.3
23/01/2011;0
24/01/2011;0
25/01/2011;0
26/01/2011;2.5
27/01/2011;9.1
28/01/2011;6.6
29/01/2011;6.9
30/01/2011;0.8
31/01/2011;0.3
01/02/2011;0
02/02/2011;0
03/02/2011;5.3
04/02/2011;0
05/02/2011;0
06/02/2011;3.8
07/02/2011;0.8
08/02/2011;8.9
09/02/2011;8.9
10/02/2011;2.5
11/02/2011;0
12/02/2011;0
13/02/2011;0.3
14/02/2011;0
15/02/2011;0
16/02/2011;0
17/02/2011;2.3
18/02/2011;2
19/02/2011;3.3
20/02/2011;0
21/02/2011;0
22/02/2011;11.2
23/02/2011;0
24/02/2011;0
25/02/2011;0.8
26/02/2011;0.5
27/02/2011;0.5
28/02/2011;0.3
01/03/2011;0
02/03/2011;0
03/03/2011;0
04/03/2011;0.3
05/03/2011;19.8
06/03/2011;0
07/03/2011;0
08/03/2011;0
09/03/2011;0.5
10/03/2011;1.5
11/03/2011;0.8
12/03/2011;0
13/03/2011;3.3
14/03/2011;0.8
15/03/2011;17
16/03/2011;5.1
17/03/2011;7.6
18/03/2011;0
19/03/2011;0
20/03/2011;0
21/03/2011;14.5
22/03/2011;0.3
23/03/2011;0.3
24/03/2011;5.6
25/03/2011;10.4
26/03/2011;9.9
27/03/2011;0.3
28/03/2011;3.3
29/03/2011;0.5
30/03/2011;0.3
31/03/2011;0
01/04/2011;0
02/04/2011;0
03/04/2011;1
04/04/2011;0
05/04/2011;0.3
06/04/2011;0
07/04/2011;0
08/04/2011;0
09/04/2011;0
10/04/2011;0
11/04/2011;0
12/04/2011;2
13/04/2011;4.6
14/04/2011;7.1
15/04/2011;1.5
16/04/2011;0.8
17/04/2011;4.8
18/04/2011;3.3
19/04/2011;0.3
20/04/2011;19.1
21/04/2011;0.3
22/04/2011;0
23/04/2011;0.3
24/04/2011;12.5
25/04/2011;3.8
26/04/2011;0.3
27/04/2011;0
28/04/2011;9.9
29/04/2011;0.3
30/04/2011;0
01/05/2011;0
02/05/2011;0
03/05/2011;0
04/05/2011;0
05/05/2011;0
06/05/2011;0
07/05/2011;0
08/05/2011;0
09/05/2011;0
10/05/2011;0
11/05/2011;0
12/05/2011;0
13/05/2011;0
14/05/2011;0
15/05/2011;0
16/05/2011;0
17/05/2011;3.6
18/05/2011;0
19/05/2011;0
20/05/2011;0
21/05/2011;0
22/05/2011;0
23/05/2011;0
24/05/2011;0
25/05/2011;0
26/05/2011;0
27/05/2011;0
28/05/2011;0
29/05/2011;0
30/05/2011;0
31/05/2011;0
01/06/2011;0
02/06/2011;0
03/06/2011;0
04/06/2011;0
05/06/2011;0
06/06/2011;0
07/06/2011;0
08/06/2011;0
09/06/2011;0
10/06/2011;0
11/06/2011;0
12/06/2011;0
13/06/2011;0
14/06/2011;0
15/06/2011;0
16/06/2011;0
17/06/2011;0
18/06/2011;0
19/06/2011;0
20/06/2011;0
21/06/2011;0
22/06/2011;0
23/06/2011;0
24/06/2011;0
25/06/2011;0
26/06/2011;0
27/06/2011;0
28/06/2011;0
29/06/2011;0
30/06/2011;0
01/07/2011;0
02/07/2011;0
03/07/2011;0
04/07/2011;0
05/07/2011;0
06/07/2011;0
07/07/2011;0
08/07/2011;0
09/07/2011;0
10/07/2011;0
11/07/2011;0
12/07/2011;0
13/07/2011;0
14/07/2011;0
15/07/2011;0
16/07/2011;0
17/07/2011;0
18/07/2011;0
19/07/2011;0
20/07/2011;0
21/07/2011;0
22/07/2011;0
23/07/2011;0
24/07/2011;0
25/07/2011;0
26/07/2011;0
27/07/2011;0
28/07/2011;0
29/07/2011;0
30/07/2011;0
31/07/2011;0
01/08/2011;0
02/08/2011;0
03/08/2011;0
04/08/2011;0
05/08/2011;0
06/08/2011;0
07/08/2011;0
08/08/2011;0
09/08/2011;0
10/08/2011;0
11/08/2011;0
12/08/2011;0
13/08/2011;0
14/08/2011;0
15/08/2011;0
16/08/2011;0
17/08/2011;0
18/08/2011;0
19/08/2011;0
20/08/2011;0
21/08/2011;0
22/08/2011;0
23/08/2011;0
24/08/2011;0
25/08/2011;0
26/08/2011;0
27/08/2011;0
28/08/2011;0
29/08/2011;0
30/08/2011;0
31/08/2011;0
01/09/2011;0
02/09/2011;0
03/09/2011;0
04/09/2011;0
05/09/2011;0
06/09/2011;0
07/09/2011;0
08/09/2011;0
09/09/2011;0
10/09/2011;0
11/09/2011;0
12/09/2011;0
13/09/2011;0
14/09/2011;0
15/09/2011;0
16/09/2011;0
17/09/2011;0
18/09/2011;0
19/09/2011;0
20/09/2011;0
21/09/2011;0
22/09/2011;0
23/09/2011;0
24/09/2011;0
25/09/2011;0
26/09/2011;0
27/09/2011;0
28/09/2011;0
29/09/2011;0
30/09/2011;0
01/10/2011;0
02/10/2011;0
03/10/2011;0
04/10/2011;0
05/10/2011;0
06/10/2011;0
07/10/2011;0
08/10/2011;0
09/10/2011;0
10/10/2011;0
11/10/2011;0
12/10/2011;0
13/10/2011;0
14/10/2011;0
15/10/2011;0
16/10/2011;0
17/10/2011;0
18/10/2011;0
19/10/2011;0
20/10/2011;0
21/10/2011;0
22/10/2011;0
23/10/2011;0
24/10/2011;0
25/10/2011;0
26/10/2011;0
27/10/2011;0
28/10/2011;0
29/10/2011;0.3
30/10/2011;0.3
31/10/2011;0
01/11/2011;0
02/11/2011;0
03/11/2011;0
04/11/2011;0
05/11/2011;0
06/11/2011;0
07/11/2011;0
08/11/2011;0
09/11/2011;0
10/11/2011;0
11/11/2011;0
12/11/2011;0
13/11/2011;0
14/11/2011;0
15/11/2011;0
16/11/2011;0
17/11/2011;1.8
18/11/2011;0.3
19/11/2011;0
20/11/2011;21.8
21/11/2011;22.1
22/11/2011;0
23/11/2011;0
24/11/2011;0
25/11/2011;0.3
26/11/2011;0
27/11/2011;1
28/11/2011;6.1
29/11/2011;0
30/11/2011;5.1
01/12/2011;7.6
02/12/2011;0
03/12/2011;0
04/12/2011;19.1
05/12/2011;2.3
06/12/2011;6.9
07/12/2011;0.5
08/12/2011;3.3
09/12/2011;3.6
10/12/2011;0
11/12/2011;0
12/12/2011;0
13/12/2011;0
14/12/2011;0
15/12/2011;0
16/12/2011;0
17/12/2011;0
18/12/2011;0
19/12/2011;0
20/12/2011;0
21/12/2011;0
22/12/2011;0
23/12/2011;0
24/12/2011;0
25/12/2011;5.1
26/12/2011;0
27/12/2011;0
28/12/2011;0
29/12/2011;0
30/12/2011;0
31/12/2011;0
01/01/2012;0
02/01/2012;0
03/01/2012;0
04/01/2012;0
05/01/2012;0.3
06/01/2012;0.3
07/01/2012;1.8
08/01/2012;5.3
09/01/2012;0
10/01/2012;1
11/01/2012;0.3
12/01/2012;4.3
13/01/2012;4.3
14/01/2012;0.5
15/01/2012;9.9
16/01/2012;6.1
17/01/2012;8.1
18/01/2012;17.3
19/01/2012;0.3
20/01/2012;24.1
21/01/2012;2.8
22/01/2012;1.5
23/01/2012;10.9
24/01/2012;1.8
25/01/2012;0
26/01/2012;0
27/01/2012;0
28/01/2012;0
29/01/2012;0
30/01/2012;1
31/01/2012;2.3
01/02/2012;27.7
02/02/2012;0.3
03/02/2012;0
04/02/2012;0
05/02/2012;4.1
06/02/2012;22.4
07/02/2012;9.4
08/02/2012;1.8
09/02/2012;27.4
10/02/2012;0
11/02/2012;19.8
12/02/2012;20.1
13/02/2012;0
14/02/2012;0
15/02/2012;0.3
16/02/2012;14.2
17/02/2012;15.2
18/02/2012;0.3
19/02/2012;0
20/02/2012;0
21/02/2012;3.3
22/02/2012;4.1
23/02/2012;0.3
24/02/2012;2.5
25/02/2012;3.3
26/02/2012;12.7
27/02/2012;12.7
28/02/2012;0
29/02/2012;0
01/03/2012;0
02/03/2012;0
03/03/2012;3.1
04/03/2012;0.3
05/03/2012;0
06/03/2012;1.5
07/03/2012;0
08/03/2012;23.1
09/03/2012;0
10/03/2012;0.3
11/03/2012;2.5
12/03/2012;1.5
13/03/2012;15.5
14/03/2012;0.5
15/03/2012;0
16/03/2012;0
17/03/2012;0
18/03/2012;0
19/03/2012;0
20/03/2012;2.3
21/03/2012;0.5
22/03/2012;0
23/03/2012;0
24/03/2012;0
25/03/2012;0
26/03/2012;2.3
27/03/2012;1
28/03/2012;0
29/03/2012;0
30/03/2012;0
31/03/2012;0
01/04/2012;0
02/04/2012;0
03/04/2012;0
04/04/2012;0
05/04/2012;0
06/04/2012;0
07/04/2012;12.7
08/04/2012;0
09/04/2012;0
10/04/2012;0
11/04/2012;0
12/04/2012;0
13/04/2012;0
14/04/2012;0
15/04/2012;0
16/04/2012;0
17/04/2012;0
18/04/2012;0
19/04/2012;0
20/04/2012;0
21/04/2012;0
22/04/2012;0
23/04/2012;0
24/04/2012;0
25/04/2012;0
26/04/2012;0
27/04/2012;0
28/04/2012;0
29/04/2012;0
30/04/2012;0
01/05/2012;0
02/05/2012;0
03/05/2012;0
04/05/2012;0
05/05/2012;0
06/05/2012;0
07/05/2012;0
08/05/2012;0
09/05/2012;0
10/05/2012;0
11/05/2012;0
12/05/2012;0
13/05/2012;0
14/05/2012;0
15/05/2012;0
16/05/2012;0
17/05/2012;0
18/05/2012;0
19/05/2012;0
20/05/2012;0
21/05/2012;0
22/05/2012;0
23/05/2012;0
24/05/2012;0
25/05/2012;0
26/05/2012;0
27/05/2012;0
28/05/2012;0
29/05/2012;0
30/05/2012;0
31/05/2012;0
01/06/2012;0
02/06/2012;0
03/06/2012;0
04/06/2012;0
05/06/2012;0
06/06/2012;0
07/06/2012;0
08/06/2012;0
09/06/2012;0
10/06/2012;0
11/06/2012;0
12/06/2012;0
13/06/2012;0
14/06/2012;0
15/06/2012;0
16/06/2012;0
17/06/2012;0
18/06/2012;0
19/06/2012;0
20/06/2012;0
21/06/2012;0
22/06/2012;0
23/06/2012;0
24/06/2012;0
25/06/2012;0
26/06/2012;0
27/06/2012;0
28/06/2012;0
29/06/2012;0
30/06/2012;0
01/07/2012;0
02/07/2012;0
03/07/2012;0
04/07/2012;0
05/07/2012;0
06/07/2012;0
07/07/2012;0
08/07/2012;0
09/07/2012;0
10/07/2012;0
11/07/2012;0
12/07/2012;0
13/07/2012;0
14/07/2012;0
15/07/2012;0
16/07/2012;0
17/07/2012;0
18/07/2012;0
19/07/2012;0
20/07/2012;0
21/07/2012;0
22/07/2012;0
23/07/2012;0
24/07/2012;0
25/07/2012;0
26/07/2012;0
27/07/2012;0
28/07/2012;0
29/07/2012;0
30/07/2012;0
31/07/2012;0
01/08/2012;0
02/08/2012;0
03/08/2012;0
04/08/2012;0
05/08/2012;0
06/08/2012;0
07/08/2012;0
08/08/2012;0
09/08/2012;0
10/08/2012;0
11/08/2012;0
12/08/2012;0
13/08/2012;0
14/08/2012;0
15/08/2012;0
16/08/2012;0
17/08/2012;0
18/08/2012;0
19/08/2012;0
20/08/2012;0
21/08/2012;0
22/08/2012;0
23/08/2012;0
24/08/2012;0
25/08/2012;0
26/08/2012;0
27/08/2012;0
28/08/2012;0
29/08/2012;0
30/08/2012;0
31/08/2012;0
01/09/2012;0
02/09/2012;0
03/09/2012;0
04/09/2012;0
05/09/2012;0
06/09/2012;0
07/09/2012;0
08/09/2012;0
09/09/2012;0
10/09/2012;0
11/09/2012;0
12/09/2012;0
13/09/2012;0
14/09/2012;0
15/09/2012;0
16/09/2012;0
17/09/2012;0
18/09/2012;0
19/09/2012;0
20/09/2012;0
21/09/2012;0
22/09/2012;0
23/09/2012;0
24/09/2012;0
25/09/2012;0
26/09/2012;0
27/09/2012;0
28/09/2012;0
29/09/2012;0
30/09/2012;0
01/10/2012;0
02/10/2012;0
03/10/2012;0
04/10/2012;0.3
05/10/2012;0
06/10/2012;0
07/10/2012;0
08/10/2012;0
09/10/2012;0
10/10/2012;0
11/10/2012;0
12/10/2012;0
13/10/2012;0
14/10/2012;0
15/10/2012;0
16/10/2012;0
17/10/2012;0
18/10/2012;0
19/10/2012;0
20/10/2012;0
21/10/2012;0
22/10/2012;0
23/10/2012;0
24/10/2012;0
25/10/2012;0
26/10/2012;0
27/10/2012;0
28/10/2012;0
29/10/2012;0
30/10/2012;0
31/10/2012;0
01/11/2012;0
02/11/2012;0.3
03/11/2012;0.5
04/11/2012;0
05/11/2012;1
06/11/2012;0
07/11/2012;0
08/11/2012;0
09/11/2012;0
10/11/2012;0
11/11/2012;0
12/11/2012;0
13/11/2012;0
14/11/2012;0
15/11/2012;0
16/11/2012;0
17/11/2012;0
18/11/2012;5.3
19/11/2012;0.3
20/11/2012;1.3
21/11/2012;0.3
22/11/2012;2.8
23/11/2012;2.3
24/11/2012;0
25/11/2012;0
26/11/2012;0
27/11/2012;0
28/11/2012;0.3
29/11/2012;0
30/11/2012;11.7
01/12/2012;6.9
02/12/2012;10.7
03/12/2012;0
04/12/2012;0
05/12/2012;0
06/12/2012;0
07/12/2012;0
08/12/2012;0
09/12/2012;0
10/12/2012;0
11/12/2012;0
12/12/2012;0
13/12/2012;0
14/12/2012;0
15/12/2012;0
16/12/2012;0
17/12/2012;0
18/12/2012;0
19/12/2012;0
20/12/2012;4.1
21/12/2012;2.3
22/12/2012;5.1
23/12/2012;11.9
24/12/2012;4.3
25/12/2012;6.1
26/12/2012;2.3
27/12/2012;0
28/12/2012;0
29/12/2012;6.1
30/12/2012;6.9
31/12/2012;6.1
01/01/2013;1.5
02/01/2013;0
03/01/2013;0
04/01/2013;0
05/01/2013;0.3
06/01/2013;0
07/01/2013;3.6
08/01/2013;0
09/01/2013;0.5
10/01/2013;38.6
11/01/2013;0.3
12/01/2013;0
13/01/2013;0
14/01/2013;0
15/01/2013;0
16/01/2013;0
17/01/2013;0
18/01/2013;1.3
19/01/2013;0.3
20/01/2013;0
21/01/2013;0
22/01/2013;0
23/01/2013;0
24/01/2013;0
25/01/2013;0
26/01/2013;0
27/01/2013;0
28/01/2013;0
29/01/2013;0
30/01/2013;0.3
31/01/2013;0.3
01/02/2013;0
02/02/2013;0
03/02/2013;0
04/02/2013;10.9
05/02/2013;1.5
06/02/2013;0
07/02/2013;2
08/02/2013;1.5
09/02/2013;0.3
10/02/2013;0
11/02/2013;0
12/02/2013;1
13/02/2013;1.5
14/02/2013;2.3
15/02/2013;0
16/02/2013;0
17/02/2013;0.3
18/02/2013;0
19/02/2013;0
20/02/2013;0
21/02/2013;1.5
22/02/2013;1.8
23/02/2013;1
24/02/2013;0.3
25/02/2013;0
26/02/2013;1.8
27/02/2013;0
28/02/2013;0
01/03/2013;0
02/03/2013;0
03/03/2013;0.5
04/03/2013;0
05/03/2013;0
06/03/2013;0.8
07/03/2013;0.3
08/03/2013;0
09/03/2013;0
10/03/2013;0
11/03/2013;0
12/03/2013;0
13/03/2013;0
14/03/2013;0
15/03/2013;0
16/03/2013;0.3
17/03/2013;0
18/03/2013;0
19/03/2013;0
20/03/2013;0
21/03/2013;13.7
22/03/2013;0
23/03/2013;0
24/03/2013;0.3
25/03/2013;0.3
26/03/2013;1.8
27/03/2013;0
28/03/2013;10.4
29/03/2013;0.5
30/03/2013;15.5
31/03/2013;35.6
01/04/2013;0
02/04/2013;0
03/04/2013;0
04/04/2013;0
05/04/2013;0
06/04/2013;0
07/04/2013;0
08/04/2013;0
09/04/2013;0
10/04/2013;0
11/04/2013;0
12/04/2013;12.6
13/04/2013;0
14/04/2013;0.5
15/04/2013;0
16/04/2013;0
17/04/2013;0
18/04/2013;0
19/04/2013;0
20/04/2013;0
21/04/2013;0
22/04/2013;0
23/04/2013;0
24/04/2013;0
25/04/2013;0
26/04/2013;0
27/04/2013;0
28/04/2013;0
29/04/2013;0
30/04/2013;0
01/05/2013;0
02/05/2013;0
03/05/2013;0
04/05/2013;0
05/05/2013;0
06/05/2013;0
07/05/2013;0
08/05/2013;0
09/05/2013;0
10/05/2013;0
11/05/2013;0
12/05/2013;0
13/05/2013;0
14/05/2013;0
15/05/2013;0
16/05/2013;0
17/05/2013;0
18/05/2013;0
19/05/2013;0
20/05/2013;0
21/05/2013;0
22/05/2013;0
23/05/2013;0
24/05/2013;0
25/05/2013;0
26/05/2013;0
27/05/2013;0
28/05/2013;0
29/05/2013;0
30/05/2013;0
31/05/2013;0
01/06/2013;0
02/06/2013;0
03/06/2013;0
04/06/2013;0
05/06/2013;0
06/06/2013;0
07/06/2013;0
08/06/2013;0
09/06/2013;0
10/06/2013;0
11/06/2013;0
12/06/2013;0
13/06/2013;0
14/06/2013;0
15/06/2013;0
16/06/2013;0
17/06/2013;0
18/06/2013;0
19/06/2013;0
20/06/2013;0
21/06/2013;0
22/06/2013;0
23/06/2013;0
24/06/2013;0
25/06/2013;0
26/06/2013;0
27/06/2013;0
28/06/2013;0
29/06/2013;0
30/06/2013;0
01/07/2013;0
02/07/2013;0
03/07/2013;0
04/07/2013;0
05/07/2013;0
06/07/2013;0
07/07/2013;0
08/07/2013;0
09/07/2013;0
10/07/2013;0
11/07/2013;0
12/07/2013;0
13/07/2013;0
14/07/2013;0
15/07/2013;0
16/07/2013;0
17/07/2013;0
18/07/2013;0
19/07/2013;0
20/07/2013;0
21/07/2013;0
22/07/2013;0
23/07/2013;0
24/07/2013;0
25/07/2013;0
26/07/2013;0
27/07/2013;0
28/07/2013;0
29/07/2013;0
30/07/2013;0
31/07/2013;0
01/08/2013;0
02/08/2013;0
03/08/2013;0
04/08/2013;0
05/08/2013;0
06/08/2013;0
07/08/2013;0
08/08/2013;0
09/08/2013;0
10/08/2013;0
11/08/2013;0
12/08/2013;0
13/08/2013;0
14/08/2013;0
15/08/2013;0
16/08/2013;0
17/08/2013;0
18/08/2013;0
19/08/2013;0
20/08/2013;0
21/08/2013;0
22/08/2013;0
23/08/2013;0
24/08/2013;0
25/08/2013;0
26/08/2013;0
27/08/2013;0
28/08/2013;0
29/08/2013;0
30/08/2013;0
31/08/2013;0
01/09/2013;0
02/09/2013;0
03/09/2013;0
04/09/2013;0
05/09/2013;0
06/09/2013;0
07/09/2013;0
08/09/2013;0
09/09/2013;0
10/09/2013;0
11/09/2013;0
12/09/2013;0
13/09/2013;0
14/09/2013;0
15/09/2013;0
16/09/2013;0
17/09/2013;0
18/09/2013;0
19/09/2013;0
20/09/2013;0
21/09/2013;0
22/09/2013;0
23/09/2013;0
24/09/2013;0
25/09/2013;0.3
26/09/2013;0.3
27/09/2013;0
28/09/2013;0
29/09/2013;0
30/09/2013;0
01/10/2013;0
02/10/2013;0
03/10/2013;0
04/10/2013;0
05/10/2013;0
06/10/2013;0
07/10/2013;0
08/10/2013;0
09/10/2013;0
10/10/2013;0
11/10/2013;0
12/10/2013;0
13/10/2013;0
14/10/2013;0
15/10/2013;0
16/10/2013;0.3
17/10/2013;0
18/10/2013;0
19/10/2013;0
20/10/2013;0
21/10/2013;0
22/10/2013;0
23/10/2013;0
24/10/2013;0
25/10/2013;0
26/10/2013;0
27/10/2013;0
28/10/2013;0
29/10/2013;0
30/10/2013;0
31/10/2013;0
01/11/2013;0
02/11/2013;0
03/11/2013;0
04/11/2013;0
05/11/2013;0
06/11/2013;0
07/11/2013;0
08/11/2013;0
09/11/2013;0
10/11/2013;0
11/11/2013;0
12/11/2013;0
13/11/2013;0
14/11/2013;0
15/11/2013;20.1
16/11/2013;0
17/11/2013;0
18/11/2013;0
19/11/2013;0
20/11/2013;0
21/11/2013;0
22/11/2013;0
23/11/2013;0
24/11/2013;0
25/11/2013;0
26/11/2013;0
27/11/2013;0
28/11/2013;3.1
29/11/2013;0.5
30/11/2013;0
01/12/2013;4.1
02/12/2013;1
03/12/2013;0
04/12/2013;5.1
05/12/2013;0
06/12/2013;0.3
07/12/2013;0
08/12/2013;0.5
09/12/2013;10.9
10/12/2013;3.1
11/12/2013;0
12/12/2013;0
13/12/2013;0
14/12/2013;0
15/12/2013;0
16/12/2013;0
17/12/2013;0
18/12/2013;0
19/12/2013;0
20/12/2013;0
21/12/2013;0
22/12/2013;48
23/12/2013;0
24/12/2013;0
25/12/2013;5.1
26/12/2013;0
27/12/2013;0
28/12/2013;0
29/12/2013;0
30/12/2013;0
31/12/2013;0
01/01/2014;0.3
02/01/2014;0
03/01/2014;0
04/01/2014;0
05/01/2014;0
06/01/2014;0
07/01/2014;0
08/01/2014;0
09/01/2014;0
10/01/2014;0
11/01/2014;0
12/01/2014;0
13/01/2014;7.1
14/01/2014;0
15/01/2014;11.9
16/01/2014;5.1
17/01/2014;0.5
18/01/2014;2
19/01/2014;18
20/01/2014;0
21/01/2014;0.3
22/01/2014;0
23/01/2014;0
24/01/2014;0
25/01/2014;0
26/01/2014;0
27/01/2014;3.1
28/01/2014;9.9
29/01/2014;0
30/01/2014;0
31/01/2014;0
01/02/2014;0
02/02/2014;0
03/02/2014;1
04/02/2014;0
05/02/2014;0.3
06/02/2014;0
07/02/2014;0
08/02/2014;0
09/02/2014;0
10/02/2014;0
11/02/2014;0.5
12/02/2014;0
13/02/2014;5.1
14/02/2014;0.3
15/02/2014;0
16/02/2014;0
17/02/2014;0
18/02/2014;0
19/02/2014;0
20/02/2014;0.3
21/02/2014;0
22/02/2014;2
23/02/2014;0
24/02/2014;3.1
25/02/2014;8.9
26/02/2014;2
27/02/2014;7.9
28/02/2014;0
01/03/2014;0
02/03/2014;0
03/03/2014;0
04/03/2014;0
05/03/2014;0
06/03/2014;0
07/03/2014;0
08/03/2014;0
09/03/2014;10.9
10/03/2014;7.9
11/03/2014;0
12/03/2014;0
13/03/2014;0
14/03/2014;0.3
15/03/2014;13
16/03/2014;15
17/03/2014;4.1
18/03/2014;0
19/03/2014;5.1
20/03/2014;0
21/03/2014;0
22/03/2014;0
23/03/2014;0
24/03/2014;4.1
25/03/2014;0
26/03/2014;0
27/03/2014;0
28/03/2014;0
29/03/2014;0
30/03/2014;0
31/03/2014;0
01/04/2014;0
02/04/2014;0
03/04/2014;0
04/04/2014;0
05/04/2014;0
06/04/2014;3.1
07/04/2014;0
08/04/2014;0
09/04/2014;0
10/04/2014;0
11/04/2014;0
12/04/2014;2
13/04/2014;10.9
14/04/2014;0
15/04/2014;0
16/04/2014;0
17/04/2014;0
18/04/2014;0
19/04/2014;0
20/04/2014;0
21/04/2014;0
22/04/2014;1
23/04/2014;0
24/04/2014;0
25/04/2014;2
26/04/2014;0
27/04/2014;0
28/04/2014;0
29/04/2014;0
30/04/2014;0
01/05/2014;0
02/05/2014;0
03/05/2014;0
04/05/2014;0
05/05/2014;0
06/05/2014;0
07/05/2014;0
08/05/2014;3.1
09/05/2014;0
10/05/2014;0
11/05/2014;0
12/05/2014;0
13/05/2014;0
14/05/2014;0
15/05/2014;0
16/05/2014;0
17/05/2014;0
18/05/2014;0
19/05/2014;0
20/05/2014;0
21/05/2014;0
22/05/2014;0
23/05/2014;0
24/05/2014;0
25/05/2014;0
26/05/2014;0
27/05/2014;0
28/05/2014;0
29/05/2014;0
30/05/2014;0
31/05/2014;0
01/06/2014;0
02/06/2014;0
03/06/2014;0
04/06/2014;0
05/06/2014;0
06/06/2014;0
07/06/2014;0
08/06/2014;0
09/06/2014;0
10/06/2014;0
11/06/2014;0
12/06/2014;0
13/06/2014;0
14/06/2014;0
15/06/2014;0
16/06/2014;0
17/06/2014;0
18/06/2014;0
19/06/2014;0
20/06/2014;0
21/06/2014;0
22/06/2014;0
23/06/2014;0
24/06/2014;0
25/06/2014;0
26/06/2014;0
27/06/2014;0
28/06/2014;0
29/06/2014;0
30/06/2014;0
01/07/2014;0
02/07/2014;0
03/07/2014;0
04/07/2014;0
05/07/2014;0
06/07/2014;0
07/07/2014;0
08/07/2014;0
09/07/2014;0
10/07/2014;0
11/07/2014;0
12/07/2014;0
13/07/2014;0
14/07/2014;0
15/07/2014;0
16/07/2014;0
17/07/2014;0
18/07/2014;0
19/07/2014;0
20/07/2014;0
21/07/2014;0
22/07/2014;0
23/07/2014;0
24/07/2014;0
25/07/2014;0
26/07/2014;0
27/07/2014;0
28/07/2014;0
29/07/2014;0
30/07/2014;0
31/07/2014;0
01/08/2014;0
02/08/2014;0
03/08/2014;0
04/08/2014;0
05/08/2014;0
06/08/2014;0
07/08/2014;0
08/08/2014;0
09/08/2014;0
10/08/2014;0
11/08/2014;0
12/08/2014;0
13/08/2014;0
14/08/2014;0
15/08/2014;0
16/08/2014;0
17/08/2014;0
18/08/2014;0
19/08/2014;0
20/08/2014;0
21/08/2014;0
22/08/2014;0
23/08/2014;0
24/08/2014;0
25/08/2014;0
26/08/2014;0
27/08/2014;0
28/08/2014;0
29/08/2014;0
30/08/2014;0
31/08/2014;0
01/09/2014;0
02/09/2014;0
03/09/2014;0
04/09/2014;0
05/09/2014;0
06/09/2014;0
07/09/2014;0
08/09/2014;0
09/09/2014;0
10/09/2014;0
11/09/2014;0
12/09/2014;0
13/09/2014;0
14/09/2014;0
15/09/2014;0
16/09/2014;0
17/09/2014;0
18/09/2014;0
19/09/2014;0
20/09/2014;0
21/09/2014;0
22/09/2014;0
23/09/2014;0
24/09/2014;0
25/09/2014;0
26/09/2014;0
27/09/2014;0
28/09/2014;0
29/09/2014;0
30/09/2014;0
01/10/2014;0
02/10/2014;0
03/10/2014;0
04/10/2014;0
05/10/2014;0
06/10/2014;0
07/10/2014;1
08/10/2014;0
09/10/2014;0
10/10/2014;0
11/10/2014;0
12/10/2014;0
13/10/2014;0
14/10/2014;0
15/10/2014;0
16/10/2014;0
17/10/2014;0
18/10/2014;0
19/10/2014;0
20/10/2014;0
21/10/2014;0
22/10/2014;0
23/10/2014;0
24/10/2014;0
25/10/2014;0
26/10/2014;0
27/10/2014;0
28/10/2014;0
29/10/2014;0
30/10/2014;0
31/10/2014;0
01/11/2014;0
02/11/2014;0
03/11/2014;0
04/11/2014;0
05/11/2014;0
06/11/2014;0
07/11/2014;0
08/11/2014;0
09/11/2014;6.1
10/11/2014;0.3
11/11/2014;1
12/11/2014;0
13/11/2014;0
14/11/2014;0
15/11/2014;0
16/11/2014;0
17/11/2014;0
18/11/2014;0
19/11/2014;0
20/11/2014;0
21/11/2014;0
22/11/2014;0
23/11/2014;0
24/11/2014;0
25/11/2014;0
26/11/2014;0
27/11/2014;0
28/11/2014;0
29/11/2014;0
30/11/2014;0
01/12/2014;0
02/12/2014;0
03/12/2014;7.9
04/12/2014;0
05/12/2014;0
06/12/2014;2
07/12/2014;2
08/12/2014;0
09/12/2014;0
10/12/2014;0.3
11/12/2014;2
12/12/2014;0
13/12/2014;0
14/12/2014;0
15/12/2014;0
16/12/2014;0
17/12/2014;0
18/12/2014;0
19/12/2014;0
20/12/2014;0
21/12/2014;0
22/12/2014;0
23/12/2014;0
24/12/2014;0
25/12/2014;0
26/12/2014;0
27/12/2014;0
28/12/2014;0
29/12/2014;0
30/12/2014;0
31/12/2014;0
01/01/2015;0
02/01/2015;0
03/01/2015;0
04/01/2015;0
05/01/2015;0
06/01/2015;0
07/01/2015;0
08/01/2015;0
09/01/2015;0.3
10/01/2015;0
11/01/2015;5.1
12/01/2015;0
13/01/2015;0
14/01/2015;0
15/01/2015;0
16/01/2015;0
17/01/2015;0
18/01/2015;0
19/01/2015;0
20/01/2015;0.5
21/01/2015;0
22/01/2015;0
23/01/2015;0
24/01/2015;0
25/01/2015;0
26/01/2015;1
27/01/2015;0
28/01/2015;4.1
29/01/2015;0
30/01/2015;0
31/01/2015;0
01/02/2015;0
02/02/2015;0
03/02/2015;0
04/02/2015;0
05/02/2015;0
06/02/2015;0
07/02/2015;0
08/02/2015;0
09/02/2015;0
10/02/2015;0
11/02/2015;0
12/02/2015;0
13/02/2015;0
14/02/2015;0
15/02/2015;0
16/02/2015;0
17/02/2015;0.3
18/02/2015;0
19/02/2015;0
20/02/2015;0
21/02/2015;0
22/02/2015;0
23/02/2015;6.1
24/02/2015;0.3
25/02/2015;0
26/02/2015;0.8
27/02/2015;0
28/02/2015;0
01/03/2015;0
02/03/2015;0
03/03/2015;2
04/03/2015;0
05/03/2015;0
06/03/2015;0
07/03/2015;6.1
08/03/2015;0
09/03/2015;17
10/03/2015;0
11/03/2015;2
12/03/2015;0
13/03/2015;0
14/03/2015;0
15/03/2015;0
16/03/2015;0
17/03/2015;0
18/03/2015;0
19/03/2015;0
20/03/2015;0
21/03/2015;0
22/03/2015;0
23/03/2015;0
24/03/2015;0
25/03/2015;0
26/03/2015;0
27/03/2015;0
28/03/2015;0.8
29/03/2015;0
30/03/2015;0
31/03/2015;0
01/04/2015;0
02/04/2015;0
03/04/2015;0
04/04/2015;0
05/04/2015;0
06/04/2015;0.8
07/04/2015;0
08/04/2015;0
09/04/2015;17
10/04/2015;0.3
11/04/2015;0
12/04/2015;0.3
13/04/2015;0
14/04/2015;0
15/04/2015;0
16/04/2015;0
17/04/2015;0
18/04/2015;0
19/04/2015;0
20/04/2015;0
21/04/2015;0
22/04/2015;0
23/04/2015;0
24/04/2015;0
25/04/2015;0
26/04/2015;0
27/04/2015;0
28/04/2015;0
29/04/2015;0
30/04/2015;0
01/05/2015;0.8
02/05/2015;0.3
03/05/2015;0
04/05/2015;0
05/05/2015;0
06/05/2015;0
07/05/2015;0
08/05/2015;0
09/05/2015;0
10/05/2015;0
11/05/2015;0
12/05/2015;0
13/05/2015;0
14/05/2015;0
15/05/2015;0
16/05/2015;0
17/05/2015;0
18/05/2015;0
19/05/2015;0
20/05/2015;0
21/05/2015;0
22/05/2015;0
23/05/2015;0
24/05/2015;0
25/05/2015;0
26/05/2015;0
27/05/2015;0
28/05/2015;0
29/05/2015;0
30/05/2015;0
31/05/2015;0
01/06/2015;0
02/06/2015;0
03/06/2015;0
04/06/2015;0
05/06/2015;0
06/06/2015;0
07/06/2015;0
08/06/2015;0
09/06/2015;0
10/06/2015;0
11/06/2015;0
12/06/2015;0
13/06/2015;0
14/06/2015;0
15/06/2015;0
16/06/2015;0
17/06/2015;0
18/06/2015;0
19/06/2015;0
20/06/2015;0
21/06/2015;0
22/06/2015;0
23/06/2015;0
24/06/2015;0
25/06/2015;0
26/06/2015;0
27/06/2015;0
28/06/2015;0
29/06/2015;0
30/06/2015;0
01/07/2015;0
02/07/2015;0
03/07/2015;0
04/07/2015;0
05/07/2015;0
06/07/2015;0
07/07/2015;0
08/07/2015;0
09/07/2015;0
10/07/2015;0
11/07/2015;0
12/07/2015;0
13/07/2015;0
14/07/2015;0
15/07/2015;0
16/07/2015;0
17/07/2015;0
18/07/2015;0
19/07/2015;0
20/07/2015;0
21/07/2015;0
22/07/2015;0
23/07/2015;0
24/07/2015;0
25/07/2015;0
26/07/2015;0
27/07/2015;0
28/07/2015;0
29/07/2015;0
30/07/2015;0
31/07/2015;0
01/08/2015;0
02/08/2015;0
03/08/2015;0
04/08/2015;0
05/08/2015;0
06/08/2015;0
07/08/2015;0
08/08/2015;0
09/08/2015;0
10/08/2015;0
11/08/2015;0
12/08/2015;0
13/08/2015;0
14/08/2015;0
15/08/2015;0
16/08/2015;0
17/08/2015;0
18/08/2015;0
19/08/2015;0
20/08/2015;0
21/08/2015;0
22/08/2015;0
23/08/2015;0
24/08/2015;0
25/08/2015;0
26/08/2015;0
27/08/2015;0
28/08/2015;0
29/08/2015;0
30/08/2015;0
31/08/2015;0
01/09/2015;0
02/09/2015;0
03/09/2015;0
04/09/2015;0
05/09/2015;0
06/09/2015;0
07/09/2015;0
08/09/2015;0
09/09/2015;0
10/09/2015;0
11/09/2015;0
12/09/2015;0
13/09/2015;0
14/09/2015;0
15/09/2015;0
16/09/2015;0
17/09/2015;0
18/09/2015;0
19/09/2015;0
20/09/2015;0
21/09/2015;0
22/09/2015;0
23/09/2015;0
24/09/2015;0
25/09/2015;0
26/09/2015;0
27/09/2015;0
28/09/2015;0
29/09/2015;0
30/09/2015;0
01/10/2015;0
02/10/2015;0
03/10/2015;0
04/10/2015;0
05/10/2015;0
06/10/2015;0
07/10/2015;0
08/10/2015;0
09/10/2015;0
10/10/2015;0
11/10/2015;0
12/10/2015;0
13/10/2015;0
14/10/2015;0
15/10/2015;0
16/10/2015;0
17/10/2015;0
18/10/2015;0
19/10/2015;0.3
20/10/2015;2
21/10/2015;0
22/10/2015;0
23/10/2015;0
24/10/2015;0
25/10/2015;0
26/10/2015;0
27/10/2015;0
28/10/2015;0.5
29/10/2015;0
30/10/2015;0.3
31/10/2015;0
01/11/2015;0
02/11/2015;0
03/11/2015;0
04/11/2015;0
05/11/2015;0
06/11/2015;0
07/11/2015;0
08/11/2015;0
09/11/2015;0
10/11/2015;0
11/11/2015;0
12/11/2015;0
13/11/2015;0
14/11/2015;0
15/11/2015;0
16/11/2015;0
17/11/2015;0
18/11/2015;0
19/11/2015;0
20/11/2015;0
21/11/2015;0
22/11/2015;0
23/11/2015;0
24/11/2015;0
25/11/2015;0
26/11/2015;0
27/11/2015;0
28/11/2015;0
29/11/2015;0.5
30/11/2015;0
01/12/2015;0
02/12/2015;0
03/12/2015;0
04/12/2015;0
05/12/2015;0.5
06/12/2015;0.8
07/12/2015;8.9
08/12/2015;0
09/12/2015;0
10/12/2015;0
11/12/2015;0.3
12/12/2015;0
13/12/2015;0
14/12/2015;0
15/12/2015;0
16/12/2015;0
17/12/2015;0
18/12/2015;0
19/12/2015;0
20/12/2015;0
21/12/2015;0
22/12/2015;0
23/12/2015;2
24/12/2015;0
25/12/2015;0.5
26/12/2015;0
27/12/2015;0
28/12/2015;0.8
29/12/2015;6.1
30/12/2015;0
31/12/2015;0
01/01/2016;0
02/01/2016;0
03/01/2016;0
04/01/2016;0
05/01/2016;0
06/01/2016;0
07/01/2016;0
08/01/2016;0
09/01/2016;0
10/01/2016;0.3
11/01/2016;1
12/01/2016;0.3
13/01/2016;0
14/01/2016;0
15/01/2016;0
16/01/2016;0
17/01/2016;0
18/01/2016;0
19/01/2016;7.1
20/01/2016;0
21/01/2016;0.3
22/01/2016;0
23/01/2016;0
24/01/2016;0
25/01/2016;0
26/01/2016;0
27/01/2016;0
28/01/2016;0
29/01/2016;0
30/01/2016;0
31/01/2016;0
01/02/2016;18.6
02/02/2016;0
03/02/2016;0
04/02/2016;0
05/02/2016;0
06/02/2016;0
07/02/2016;0
08/02/2016;0
09/02/2016;0
10/02/2016;0
11/02/2016;0
12/02/2016;0
13/02/2016;0
14/02/2016;0
15/02/2016;0
16/02/2016;0.5
17/02/2016;0
18/02/2016;0
19/02/2016;2
20/02/2016;0.3
21/02/2016;0
22/02/2016;2
23/02/2016;11.9
24/02/2016;29
25/02/2016;0.8
26/02/2016;0
27/02/2016;0.5
28/02/2016;0
29/02/2016;0
01/03/2016;0
02/03/2016;0
03/03/2016;0
04/03/2016;0
05/03/2016;0
06/03/2016;0
07/03/2016;0
08/03/2016;0
09/03/2016;0
10/03/2016;0
11/03/2016;0
12/03/2016;0.3
13/03/2016;19.1
14/03/2016;0
15/03/2016;16
16/03/2016;13
17/03/2016;0
18/03/2016;0.3
19/03/2016;0.3
20/03/2016;0
21/03/2016;0
22/03/2016;0
23/03/2016;0
24/03/2016;0
25/03/2016;0
26/03/2016;0
27/03/2016;0
28/03/2016;0
29/03/2016;0
30/03/2016;0
31/03/2016;0
01/04/2016;0
02/04/2016;0
03/04/2016;0
04/04/2016;0
05/04/2016;0
06/04/2016;0
07/04/2016;0
08/04/2016;0
09/04/2016;0
10/04/2016;0
11/04/2016;0
12/04/2016;0
13/04/2016;0
14/04/2016;0
15/04/2016;0
16/04/2016;0
17/04/2016;0
18/04/2016;0
19/04/2016;0
20/04/2016;0
21/04/2016;0
22/04/2016;0
23/04/2016;0
24/04/2016;0
25/04/2016;0
26/04/2016;0
27/04/2016;0
28/04/2016;0
29/04/2016;0
30/04/2016;0
01/05/2016;0
02/05/2016;0
03/05/2016;0
04/05/2016;0
05/05/2016;0
06/05/2016;0
07/05/2016;0
08/05/2016;0
09/05/2016;0
10/05/2016;0
11/05/2016;0
12/05/2016;0
13/05/2016;0
14/05/2016;0
15/05/2016;0
16/05/2016;0
17/05/2016;0
18/05/2016;0
19/05/2016;0
20/05/2016;0
21/05/2016;0
22/05/2016;0
23/05/2016;0
24/05/2016;0
25/05/2016;0
26/05/2016;0
27/05/2016;0
28/05/2016;0
29/05/2016;0
30/05/2016;0
31/05/2016;0
01/06/2016;0
02/06/2016;0
03/06/2016;0
04/06/2016;0
05/06/2016;0
06/06/2016;0
07/06/2016;0
08/06/2016;0
09/06/2016;0
10/06/2016;0
11/06/2016;0
12/06/2016;0
13/06/2016;0
14/06/2016;0
15/06/2016;0
16/06/2016;0
17/06/2016;0
18/06/2016;0
19/06/2016;0
20/06/2016;0
21/06/2016;0
22/06/2016;0
23/06/2016;0
24/06/2016;0
25/06/2016;0
26/06/2016;0
27/06/2016;0
28/06/2016;0
29/06/2016;0
30/06/2016;0
01/07/2016;0
02/07/2016;0
03/07/2016;0
04/07/2016;0
05/07/2016;0
06/07/2016;0
07/07/2016;0
08/07/2016;0
09/07/2016;0
10/07/2016;0
11/07/2016;0
12/07/2016;0
13/07/2016;0
14/07/2016;0
15/07/2016;0
16/07/2016;0
17/07/2016;0
18/07/2016;0
19/07/2016;0
20/07/2016;0
21/07/2016;0
22/07/2016;0
23/07/2016;0
24/07/2016;0
25/07/2016;0
26/07/2016;0
27/07/2016;0
28/07/2016;0
29/07/2016;0
30/07/2016;0
31/07/2016;0
01/08/2016;0
02/08/2016;0
03/08/2016;0
04/08/2016;0
05/08/2016;0
06/08/2016;0
07/08/2016;0
08/08/2016;0
09/08/2016;0
10/08/2016;0
11/08/2016;0
12/08/2016;0
13/08/2016;0
14/08/2016;0
15/08/2016;0
16/08/2016;0
17/08/2016;0
18/08/2016;0
19/08/2016;0
20/08/2016;0
21/08/2016;0
22/08/2016;0
23/08/2016;0
24/08/2016;0
25/08/2016;0
26/08/2016;0
27/08/2016;0
28/08/2016;0
29/08/2016;0
30/08/2016;0
31/08/2016;0
01/09/2016;0
02/09/2016;0
03/09/2016;0
04/09/2016;0
05/09/2016;0
06/09/2016;0
07/09/2016;0
08/09/2016;0
09/09/2016;0
10/09/2016;0
11/09/2016;0
12/09/2016;0
13/09/2016;0
14/09/2016;0
15/09/2016;0
16/09/2016;0
17/09/2016;0
18/09/2016;0
19/09/2016;0
20/09/2016;0
21/09/2016;0
22/09/2016;0
23/09/2016;0
24/09/2016;0
25/09/2016;0
26/09/2016;0
27/09/2016;0
28/09/2016;0
29/09/2016;0
30/09/2016;0
01/10/2016;0
02/10/2016;0
03/10/2016;0
04/10/2016;0
05/10/2016;0
06/10/2016;0
07/10/2016;0
08/10/2016;0
09/10/2016;0
10/10/2016;0
11/10/2016;0
12/10/2016;0
13/10/2016;0
14/10/2016;0
15/10/2016;0
16/10/2016;0
17/10/2016;0
18/10/2016;0
19/10/2016;0
20/10/2016;0
21/10/2016;0
22/10/2016;0
23/10/2016;0
24/10/2016;0
25/10/2016;0
26/10/2016;0
27/10/2016;9.9
28/10/2016;0.3
29/10/2016;0
30/10/2016;0
31/10/2016;0
01/11/2016;0
02/11/2016;0.5
03/11/2016;1
04/11/2016;0
05/11/2016;2
06/11/2016;0.3
07/11/2016;5.1
08/11/2016;5.1
09/11/2016;0
10/11/2016;0
11/11/2016;0
12/11/2016;0
13/11/2016;0
14/11/2016;0
15/11/2016;0
16/11/2016;0
17/11/2016;0
18/11/2016;0
19/11/2016;0
20/11/2016;2
21/11/2016;0
22/11/2016;3.1
23/11/2016;26.9
24/11/2016;0
25/11/2016;0
26/11/2016;1
27/11/2016;0
28/11/2016;0
29/11/2016;0
30/11/2016;0
01/12/2016;5.1
02/12/2016;0
03/12/2016;4.1
04/12/2016;0.5
05/12/2016;3.1
06/12/2016;0
07/12/2016;0.8
08/12/2016;0
09/12/2016;7.9
10/12/2016;0.3
11/12/2016;4.1
12/12/2016;0
13/12/2016;1
14/12/2016;5.1
15/12/2016;0
16/12/2016;0.3
17/12/2016;0
18/12/2016;0
19/12/2016;0
20/12/2016;0
21/12/2016;5.1
22/12/2016;0
23/12/2016;13
24/12/2016;0
25/12/2016;7.9
26/12/2016;5.1
27/12/2016;0
28/12/2016;0
29/12/2016;0
30/12/2016;0
31/12/2016;0.3
01/01/2017;0
02/01/2017;0.3
03/01/2017;0
04/01/2017;0
05/01/2017;0
06/01/2017;0
07/01/2017;0
08/01/2017;0
09/01/2017;0
10/01/2017;0
11/01/2017;0
12/01/2017;0
13/01/2017;0
14/01/2017;0
15/01/2017;0
16/01/2017;0
17/01/2017;0
18/01/2017;0
19/01/2017;0
20/01/2017;0
21/01/2017;0
22/01/2017;0
23/01/2017;0
24/01/2017;2
25/01/2017;2
26/01/2017;0
27/01/2017;0
28/01/2017;0
29/01/2017;16
30/01/2017;0
31/01/2017;0
01/02/2017;0
02/02/2017;1
03/02/2017;17
04/02/2017;8.9
05/02/2017;0
06/02/2017;0
07/02/2017;23.9
08/02/2017;0
09/02/2017;1
10/02/2017;2
11/02/2017;0
12/02/2017;0.5
13/02/2017;4.1
14/02/2017;3.1
15/02/2017;2
16/02/2017;4.1
17/02/2017;0.3
18/02/2017;6.1
19/02/2017;20.1
20/02/2017;1
21/02/2017;0
22/02/2017;7.9
23/02/2017;0
24/02/2017;0
25/02/2017;0
26/02/2017;8.9
27/02/2017;0
28/02/2017;7.1
01/03/2017;0.3
02/03/2017;0
03/03/2017;7.1
04/03/2017;4.1
05/03/2017;2
06/03/2017;4.1
07/03/2017;0
08/03/2017;2
09/03/2017;0
10/03/2017;0
11/03/2017;0
12/03/2017;0
13/03/2017;0
14/03/2017;1
15/03/2017;0
16/03/2017;10.9
17/03/2017;0
18/03/2017;0
19/03/2017;0
20/03/2017;0
21/03/2017;0
22/03/2017;0
23/03/2017;0
24/03/2017;15
25/03/2017;0
26/03/2017;0
27/03/2017;0.3
28/03/2017;0
29/03/2017;0
30/03/2017;0
31/03/2017;0
01/04/2017;0
02/04/2017;0
03/04/2017;0
04/04/2017;0
05/04/2017;0
06/04/2017;0
07/04/2017;0
08/04/2017;0
09/04/2017;3.1
10/04/2017;0.3
11/04/2017;3.1
12/04/2017;0.5
13/04/2017;3.1
14/04/2017;0
15/04/2017;0
16/04/2017;3.1
17/04/2017;0
18/04/2017;47
19/04/2017;15
20/04/2017;11.9
21/04/2017;4.1
22/04/2017;5.1
23/04/2017;0
24/04/2017;0
25/04/2017;0
26/04/2017;0
27/04/2017;0
28/04/2017;0
29/04/2017;0
30/04/2017;0
01/05/2017;0
02/05/2017;0
03/05/2017;0
04/05/2017;0
05/05/2017;0
06/05/2017;0
07/05/2017;0
08/05/2017;0
09/05/2017;0
10/05/2017;3.1
11/05/2017;0
12/05/2017;0
13/05/2017;0
14/05/2017;0
15/05/2017;0
16/05/2017;0
17/05/2017;0
18/05/2017;0
19/05/2017;0
20/05/2017;0
21/05/2017;0
22/05/2017;0
23/05/2017;0
24/05/2017;0
25/05/2017;0
26/05/2017;0
27/05/2017;0
28/05/2017;0
29/05/2017;0
30/05/2017;0
31/05/2017;0
01/06/2017;0
02/06/2017;0
03/06/2017;0
04/06/2017;0
05/06/2017;0
06/06/2017;0
07/06/2017;0
08/06/2017;0
09/06/2017;0
10/06/2017;0
11/06/2017;0
12/06/2017;0
13/06/2017;0
14/06/2017;0
15/06/2017;0
16/06/2017;0
17/06/2017;0
18/06/2017;0
19/06/2017;0
20/06/2017;0
21/06/2017;0
22/06/2017;0
23/06/2017;0
24/06/2017;0
25/06/2017;0
26/06/2017;0
27/06/2017;0
28/06/2017;0
29/06/2017;0
30/06/2017;0
01/07/2017;0
02/07/2017;0
03/07/2017;0
04/07/2017;0
05/07/2017;0
06/07/2017;0
07/07/2017;0
08/07/2017;0
09/07/2017;0
10/07/2017;0
11/07/2017;0
12/07/2017;0
13/07/2017;0
14/07/2017;0
15/07/2017;0
16/07/2017;0
17/07/2017;0
18/07/2017;0
19/07/2017;0
20/07/2017;0
21/07/2017;0
22/07/2017;0
23/07/2017;0
24/07/2017;0
25/07/2017;0
26/07/2017;0
27/07/2017;0
28/07/2017;0
29/07/2017;0
30/07/2017;0
31/07/2017;0
01/08/2017;0
02/08/2017;0
03/08/2017;0
04/08/2017;0
05/08/2017;0
06/08/2017;0
07/08/2017;0
08/08/2017;0
09/08/2017;0
10/08/2017;0
11/08/2017;0
12/08/2017;0
13/08/2017;0
14/08/2017;0
15/08/2017;0
16/08/2017;0
17/08/2017;0
18/08/2017;0
19/08/2017;0
20/08/2017;0
21/08/2017;0
22/08/2017;0
23/08/2017;0
24/08/2017;0
25/08/2017;0
26/08/2017;0
27/08/2017;0
28/08/2017;0
29/08/2017;0
30/08/2017;0
31/08/2017;0
01/09/2017;0
02/09/2017;0
03/09/2017;0
04/09/2017;0
05/09/2017;0
06/09/2017;0
07/09/2017;0
08/09/2017;0
09/09/2017;0
10/09/2017;0
11/09/2017;0
12/09/2017;0
13/09/2017;0
14/09/2017;0
15/09/2017;0
16/09/2017;0
17/09/2017;0
18/09/2017;0
19/09/2017;0
20/09/2017;0
21/09/2017;0
22/09/2017;0
23/09/2017;0
24/09/2017;0
25/09/2017;0
26/09/2017;0
27/09/2017;0
28/09/2017;0
29/09/2017;0
30/09/2017;0
01/10/2017;0
02/10/2017;0
03/10/2017;0
04/10/2017;0
05/10/2017;0
06/10/2017;0
07/10/2017;0
08/10/2017;0
09/10/2017;0
10/10/2017;0
11/10/2017;0
12/10/2017;0
13/10/2017;0
14/10/2017;0
15/10/2017;0
16/10/2017;0
17/10/2017;0
18/10/2017;0
19/10/2017;0
20/10/2017;0
21/10/2017;0
22/10/2017;0
23/10/2017;0
24/10/2017;0
25/10/2017;0
26/10/2017;0
27/10/2017;0
28/10/2017;0
29/10/2017;0
30/10/2017;0
31/10/2017;0
01/11/2017;0
02/11/2017;0
03/11/2017;0
04/11/2017;0
05/11/2017;0
06/11/2017;0
07/11/2017;0
08/11/2017;0
09/11/2017;0
10/11/2017;0
11/11/2017;0
12/11/2017;0
13/11/2017;0
14/11/2017;0
15/11/2017;0
16/11/2017;0
17/11/2017;0
18/11/2017;0
19/11/2017;0
20/11/2017;0
21/11/2017;0
22/11/2017;0
23/11/2017;0
24/11/2017;0
25/11/2017;0
26/11/2017;0
27/11/2017;0
28/11/2017;0
29/11/2017;0
30/11/2017;0
01/12/2017;0
02/12/2017;0
03/12/2017;0
04/12/2017;0
05/12/2017;2
06/12/2017;0
07/12/2017;0
08/12/2017;0
09/12/2017;0
10/12/2017;0
11/12/2017;0
12/12/2017;0
13/12/2017;0
14/12/2017;0
15/12/2017;0
16/12/2017;0
17/12/2017;0.8
18/12/2017;7.9
19/12/2017;0
20/12/2017;0.5
21/12/2017;0
22/12/2017;0
23/12/2017;0
24/12/2017;0
25/12/2017;0
26/12/2017;0
27/12/2017;0
28/12/2017;0
29/12/2017;1
30/12/2017;0
31/12/2017;0
01/01/2018;0
02/01/2018;0
03/01/2018;0
04/01/2018;0
05/01/2018;0
06/01/2018;0
07/01/2018;0
08/01/2018;0
09/01/2018;0
10/01/2018;0
11/01/2018;0.3
12/01/2018;4.1
13/01/2018;0
14/01/2018;0
15/01/2018;0
16/01/2018;1
17/01/2018;0
18/01/2018;0
19/01/2018;0.8
20/01/2018;4.1
21/01/2018;0
22/01/2018;0
23/01/2018;0
24/01/2018;0
25/01/2018;0
26/01/2018;0
27/01/2018;0.5
28/01/2018;1
29/01/2018;3.1
30/01/2018;0
31/01/2018;0
01/02/2018;0
02/02/2018;0
03/02/2018;0
04/02/2018;0
05/02/2018;0
06/02/2018;0
07/02/2018;0
08/02/2018;0
09/02/2018;0.3
10/02/2018;0
11/02/2018;0
12/02/2018;0
13/02/2018;0
14/02/2018;0
15/02/2018;0
16/02/2018;0
17/02/2018;0
18/02/2018;0
19/02/2018;0
20/02/2018;0
21/02/2018;0
22/02/2018;0
23/02/2018;0
24/02/2018;0.5
25/02/2018;0
26/02/2018;0
27/02/2018;0
28/02/2018;10.9
01/03/2018;0
02/03/2018;0
03/03/2018;1
04/03/2018;0
05/03/2018;0
06/03/2018;0
07/03/2018;0
08/03/2018;0
09/03/2018;0
10/03/2018;0
11/03/2018;0
12/03/2018;0
13/03/2018;0
14/03/2018;0
15/03/2018;0
16/03/2018;0
17/03/2018;1
18/03/2018;0
19/03/2018;3.1
20/03/2018;0
21/03/2018;5.1
22/03/2018;3.1
23/03/2018;0
24/03/2018;0
25/03/2018;0
26/03/2018;0
27/03/2018;0
28/03/2018;0
29/03/2018;0
30/03/2018;0
31/03/2018;4.1
01/04/2018;0
02/04/2018;0
03/04/2018;0.5
04/04/2018;3.1
05/04/2018;0
06/04/2018;0
07/04/2018;0
08/04/2018;0
09/04/2018;0
10/04/2018;0
11/04/2018;1
12/04/2018;0
13/04/2018;0
14/04/2018;0.3
15/04/2018;0
16/04/2018;7.1
17/04/2018;0
18/04/2018;0
19/04/2018;0
20/04/2018;0
21/04/2018;0
22/04/2018;0
23/04/2018;0
24/04/2018;0
25/04/2018;0
26/04/2018;0
27/04/2018;0
28/04/2018;0
29/04/2018;0
30/04/2018;0
01/05/2018;0
02/05/2018;0
03/05/2018;0
04/05/2018;0
05/05/2018;0
06/05/2018;0
07/05/2018;0
08/05/2018;0
09/05/2018;0
10/05/2018;0
11/05/2018;0
12/05/2018;0
13/05/2018;0
14/05/2018;0
15/05/2018;0
16/05/2018;0
17/05/2018;0
18/05/2018;0
19/05/2018;0
20/05/2018;0
21/05/2018;0
22/05/2018;0
23/05/2018;0
24/05/2018;0
25/05/2018;0
26/05/2018;0
27/05/2018;0
28/05/2018;0
29/05/2018;0
30/05/2018;0
31/05/2018;0
01/06/2018;0
02/06/2018;0
03/06/2018;0
04/06/2018;0
05/06/2018;0
06/06/2018;0
07/06/2018;0
08/06/2018;0
09/06/2018;0
10/06/2018;0
11/06/2018;0
12/06/2018;0
13/06/2018;0
14/06/2018;0
15/06/2018;0
16/06/2018;0
17/06/2018;0
18/06/2018;0
19/06/2018;0
20/06/2018;0
21/06/2018;0
22/06/2018;0
23/06/2018;0
24/06/2018;0
25/06/2018;0
26/06/2018;0
27/06/2018;0
28/06/2018;0
29/06/2018;0
30/06/2018;0
01/07/2018;0
02/07/2018;0
03/07/2018;0
04/07/2018;0
05/07/2018;0
06/07/2018;0
07/07/2018;0
08/07/2018;0
09/07/2018;0
10/07/2018;0
11/07/2018;0
12/07/2018;0
13/07/2018;0
14/07/2018;0
15/07/2018;0
16/07/2018;0
17/07/2018;0
18/07/2018;0
19/07/2018;0
20/07/2018;0
21/07/2018;0
22/07/2018;0
23/07/2018;0
24/07/2018;0
25/07/2018;0
26/07/2018;0
27/07/2018;0
28/07/2018;0
29/07/2018;0
30/07/2018;0
31/07/2018;0
01/08/2018;0
02/08/2018;0
03/08/2018;0
04/08/2018;0
05/08/2018;0
06/08/2018;0
07/08/2018;0
08/08/2018;0
09/08/2018;0
10/08/2018;0
11/08/2018;0
12/08/2018;0
13/08/2018;0
14/08/2018;0
15/08/2018;0
16/08/2018;0
17/08/2018;0
18/08/2018;0
19/08/2018;0
20/08/2018;0
21/08/2018;0
22/08/2018;0
23/08/2018;0
24/08/2018;0
25/08/2018;0
26/08/2018;0
27/08/2018;0
28/08/2018;0
29/08/2018;0
30/08/2018;0
31/08/2018;0
01/09/2018;0
02/09/2018;0
03/09/2018;0
04/09/2018;0
05/09/2018;0
06/09/2018;0
07/09/2018;0
08/09/2018;0
09/09/2018;0
10/09/2018;0
11/09/2018;0
12/09/2018;0
13/09/2018;0
14/09/2018;0
15/09/2018;0
16/09/2018;0
17/09/2018;0
18/09/2018;0
19/09/2018;0
20/09/2018;0
21/09/2018;0
22/09/2018;0
23/09/2018;0
24/09/2018;0
25/09/2018;0
26/09/2018;0
27/09/2018;0
28/09/2018;0
29/09/2018;0
30/09/2018;0.25
01/10/2018;0
02/10/2018;0
03/10/2018;0
04/10/2018;0
05/10/2018;0
06/10/2018;0
07/10/2018;0
08/10/2018;0
09/10/2018;0
10/10/2018;0
11/10/2018;0
12/10/2018;0
13/10/2018;0
14/10/2018;0
15/10/2018;0
16/10/2018;0
17/10/2018;0
18/10/2018;0
19/10/2018;0
20/10/2018;0
21/10/2018;0
22/10/2018;0.5
23/10/2018;0
24/10/2018;0
25/10/2018;0
26/10/2018;0
27/10/2018;0
28/10/2018;0
29/10/2018;0
30/10/2018;0
31/10/2018;0
01/11/2018;0
02/11/2018;0
03/11/2018;0
04/11/2018;0
05/11/2018;0
06/11/2018;0
07/11/2018;0
08/11/2018;0
09/11/2018;0
10/11/2018;0
11/11/2018;0
12/11/2018;0
13/11/2018;0
14/11/2018;0
15/11/2018;0
16/11/2018;0
17/11/2018;0
18/11/2018;0
19/11/2018;0
20/11/2018;0
21/11/2018;0
22/11/2018;0
23/11/2018;0
24/11/2018;0
25/11/2018;0
26/11/2018;0
27/11/2018;0
28/11/2018;0
29/11/2018;0
30/11/2018;0
01/12/2018;0
02/12/2018;0
03/12/2018;0
04/12/2018;0
05/12/2018;0
06/12/2018;0
07/12/2018;0
08/12/2018;0
09/12/2018;0
10/12/2018;0
11/12/2018;0
12/12/2018;0
13/12/2018;0
14/12/2018;0
15/12/2018;0
16/12/2018;0
17/12/2018;0
18/12/2018;0
19/12/2018;0
20/12/2018;0
21/12/2018;0
22/12/2018;0
23/12/2018;0
24/12/2018;0
25/12/2018;0
26/12/2018;0
27/12/2018;0
28/12/2018;0
29/12/2018;0
30/12/2018;0
31/12/2018;0
01/01/2019;0
02/01/2019;0
03/01/2019;0
04/01/2019;0
05/01/2019;0
06/01/2019;0
07/01/2019;0
08/01/2019;0
09/01/2019;15.4
10/01/2019;14.4
11/01/2019;15.3
12/01/2019;16.7
13/01/2019;0
14/01/2019;1.02
15/01/2019;0
16/01/2019;0
17/01/2019;0
18/01/2019;8.9
19/01/2019;0
20/01/2019;0
21/01/2019;0
22/01/2019;0
23/01/2019;0
24/01/2019;0
25/01/2019;0
26/01/2019;0
27/01/2019;0
28/01/2019;0
29/01/2019;2.03
30/01/2019;0
31/01/2019;0.25
01/02/2019;0
02/02/2019;7.1
03/02/2019;0
04/02/2019;0.3
05/02/2019;0
06/02/2019;0
07/02/2019;8.89
08/02/2019;4.1
09/02/2019;0
10/02/2019;2.03
11/02/2019;0
12/02/2019;0
13/02/2019;0
14/02/2019;0
15/02/2019;0
16/02/2019;0
17/02/2019;0.8
18/02/2019;0
19/02/2019;0
20/02/2019;0
21/02/2019;0
22/02/2019;0
23/02/2019;0
24/02/2019;0
25/02/2019;5.08
26/02/2019;0
27/02/2019;0
28/02/2019;2.03
01/03/2019;0
02/03/2019;0
03/03/2019;0
04/03/2019;0
05/03/2019;0
06/03/2019;4.1
07/03/2019;0
08/03/2019;3.1
09/03/2019;0
10/03/2019;0
11/03/2019;0
12/03/2019;0
13/03/2019;0
14/03/2019;0.51
15/03/2019;0
16/03/2019;0
17/03/2019;0.5
18/03/2019;0
19/03/2019;0
20/03/2019;0
21/03/2019;0
22/03/2019;0
23/03/2019;0
24/03/2019;0.76
25/03/2019;0.5
26/03/2019;1.02
27/03/2019;0.3
28/03/2019;0
29/03/2019;8.89
30/03/2019;0
31/03/2019;0
01/04/2019;0
02/04/2019;0
03/04/2019;15
04/04/2019;0
05/04/2019;0
06/04/2019;0
07/04/2019;0
08/04/2019;0
09/04/2019;0
10/04/2019;0
11/04/2019;0
12/04/2019;0.3
13/04/2019;2
14/04/2019;0
15/04/2019;0.3
16/04/2019;0
17/04/2019;0
18/04/2019;0
19/04/2019;0
20/04/2019;0
21/04/2019;1.02
22/04/2019;0
23/04/2019;0
24/04/2019;0
25/04/2019;0
26/04/2019;0
27/04/2019;0
28/04/2019;3.1
29/04/2019;0
30/04/2019;0
01/05/2019;0
02/05/2019;0
03/05/2019;0
04/05/2019;0
05/05/2019;0
06/05/2019;0
07/05/2019;0
08/05/2019;0
09/05/2019;0
10/05/2019;0
11/05/2019;0
12/05/2019;0
13/05/2019;0
14/05/2019;0
15/05/2019;0
16/05/2019;0
17/05/2019;0
18/05/2019;0
19/05/2019;0
20/05/2019;0
21/05/2019;0
22/05/2019;0
23/05/2019;0
24/05/2019;0
25/05/2019;0
26/05/2019;0
27/05/2019;0
28/05/2019;0
29/05/2019;0
30/05/2019;0
31/05/2019;0
01/06/2019;0
02/06/2019;0
03/06/2019;0
04/06/2019;0
05/06/2019;0
06/06/2019;0
07/06/2019;0
08/06/2019;0
09/06/2019;0
10/06/2019;0
11/06/2019;0
12/06/2019;0
13/06/2019;0
14/06/2019;0
15/06/2019;0
16/06/2019;0
17/06/2019;0
18/06/2019;0
19/06/2019;0
20/06/2019;0
21/06/2019;0
22/06/2019;0
23/06/2019;0
24/06/2019;0
25/06/2019;0
26/06/2019;0
27/06/2019;0
28/06/2019;0
29/06/2019;0
30/06/2019;0
01/07/2019;0
02/07/2019;0
03/07/2019;0
04/07/2019;0
05/07/2019;0
06/07/2019;0
07/07/2019;0
08/07/2019;0
09/07/2019;0
10/07/2019;0
11/07/2019;0
12/07/2019;0
13/07/2019;0
14/07/2019;0
15/07/2019;0
16/07/2019;0
17/07/2019;0
18/07/2019;0
19/07/2019;0
20/07/2019;0
21/07/2019;0
22/07/2019;0
23/07/2019;0
24/07/2019;0
25/07/2019;0
26/07/2019;0
27/07/2019;0
28/07/2019;0
29/07/2019;0
30/07/2019;0
31/07/2019;0
01/08/2019;0
02/08/2019;0
03/08/2019;0
04/08/2019;0
05/08/2019;0
06/08/2019;0
07/08/2019;0
08/08/2019;0
09/08/2019;0
10/08/2019;0
11/08/2019;0
12/08/2019;0
13/08/2019;0
14/08/2019;0
15/08/2019;0
16/08/2019;0
17/08/2019;0
18/08/2019;0
19/08/2019;0
20/08/2019;0
21/08/2019;0
22/08/2019;0
23/08/2019;0
24/08/2019;0
25/08/2019;0
26/08/2019;0
27/08/2019;0
28/08/2019;0
29/08/2019;0
30/08/2019;0
31/08/2019;0
01/09/2019;0
02/09/2019;0
03/09/2019;0
04/09/2019;0
05/09/2019;0
06/09/2019;0
07/09/2019;0
08/09/2019;0
09/09/2019;0
10/09/2019;0
11/09/2019;0
12/09/2019;0
13/09/2019;0
14/09/2019;0
15/09/2019;0
16/09/2019;0
17/09/2019;0
18/09/2019;0
19/09/2019;0
20/09/2019;0
21/09/2019;0
22/09/2019;0
23/09/2019;0
24/09/2019;0
25/09/2019;0
26/09/2019;0
27/09/2019;0
28/09/2019;0
29/09/2019;0
30/09/2019;0
01/10/2019;0
02/10/2019;0
03/10/2019;0
04/10/2019;0
05/10/2019;0
06/10/2019;0
07/10/2019;0.3
08/10/2019;0
09/10/2019;0
10/10/2019;0.25
11/10/2019;0
12/10/2019;0
13/10/2019;0
14/10/2019;1
15/10/2019;0
16/10/2019;0.51
17/10/2019;0
18/10/2019;0
19/10/2019;0
20/10/2019;0
21/10/2019;0
22/10/2019;0
23/10/2019;0
24/10/2019;0
25/10/2019;0
26/10/2019;0
27/10/2019;0
28/10/2019;0
29/10/2019;0
30/10/2019;0
31/10/2019;0
01/11/2019;0
02/11/2019;5.1
03/11/2019;0
04/11/2019;0
05/11/2019;0
06/11/2019;0
07/11/2019;0
08/11/2019;0
09/11/2019;0
10/11/2019;0
11/11/2019;0
12/11/2019;0
13/11/2019;0
14/11/2019;0
15/11/2019;0
16/11/2019;0
17/11/2019;0
18/11/2019;0
19/11/2019;0
20/11/2019;0
21/11/2019;0
22/11/2019;0
23/11/2019;0
24/11/2019;0
25/11/2019;0
26/11/2019;0.3
27/11/2019;0.3
28/11/2019;0
29/11/2019;16.9
30/11/2019;0
01/12/2019;0.5
02/12/2019;0
03/12/2019;0
04/12/2019;18
05/12/2019;2
06/12/2019;1
07/12/2019;0
08/12/2019;0
09/12/2019;0
10/12/2019;0
11/12/2019;0
12/12/2019;0
13/12/2019;0
14/12/2019;0
15/12/2019;0
16/12/2019;0
17/12/2019;0
18/12/2019;0
19/12/2019;0
20/12/2019;0
21/12/2019;0
22/12/2019;0
23/12/2019;0
24/12/2019;0
25/12/2019;0
26/12/2019;0
27/12/2019;0
28/12/2019;0
29/12/2019;0
30/12/2019;0
31/12/2019;0
01/01/2020;0
02/01/2020;0
03/01/2020;0
04/01/2020;0
05/01/2020;0
06/01/2020;0
07/01/2020;0.3
08/01/2020;0
09/01/2020;0
10/01/2020;0
11/01/2020;0
12/01/2020;0
13/01/2020;0
14/01/2020;0
15/01/2020;0
16/01/2020;0
17/01/2020;0
18/01/2020;0
19/01/2020;0
20/01/2020;0
21/01/2020;0
22/01/2020;0
23/01/2020;0
24/01/2020;0
25/01/2020;0
26/01/2020;0
27/01/2020;0
28/01/2020;0
29/01/2020;0
30/01/2020;0
31/01/2020;0
01/02/2020;0
02/02/2020;0
03/02/2020;0
04/02/2020;1
05/02/2020;0.3
06/02/2020;0
07/02/2020;1
08/02/2020;0
09/02/2020;0
10/02/2020;0
11/02/2020;0
12/02/2020;4.1
13/02/2020;0
14/02/2020;0
15/02/2020;1
16/02/2020;3.1
17/02/2020;7.1
18/02/2020;3.1
19/02/2020;0
20/02/2020;0
21/02/2020;0
22/02/2020;0.76
23/02/2020;2
24/02/2020;0
25/02/2020;2
26/02/2020;2
27/02/2020;2
28/02/2020;1
29/02/2020;1
01/03/2020;3.1
02/03/2020;0
03/03/2020;1
04/03/2020;0
05/03/2020;0
06/03/2020;0.5
07/03/2020;0
08/03/2020;0
09/03/2020;0
10/03/2020;0
11/03/2020;0
12/03/2020;0
13/03/2020;0
14/03/2020;0
15/03/2020;3.05
16/03/2020;1
17/03/2020;0
18/03/2020;0
19/03/2020;0
20/03/2020;0
21/03/2020;14
22/03/2020;0
23/03/2020;0
24/03/2020;0
25/03/2020;0
26/03/2020;0
27/03/2020;0
28/03/2020;0
29/03/2020;0
30/03/2020;0
31/03/2020;0.3
01/04/2020;0
02/04/2020;2
03/04/2020;0
04/04/2020;1
05/04/2020;0
06/04/2020;2
07/04/2020;0
08/04/2020;0
09/04/2020;7.11
10/04/2020;0
11/04/2020;0
12/04/2020;0
13/04/2020;0
14/04/2020;0.3
15/04/2020;0
16/04/2020;0
17/04/2020;0
18/04/2020;0
19/04/2020;0
20/04/2020;0
21/04/2020;0
22/04/2020;0
23/04/2020;0
24/04/2020;0
25/04/2020;0
26/04/2020;0
27/04/2020;0
28/04/2020;0
29/04/2020;0
30/04/2020;0
01/05/2020;0
02/05/2020;0
03/05/2020;0
04/05/2020;0
05/05/2020;0
06/05/2020;0
07/05/2020;0
08/05/2020;0
09/05/2020;0
10/05/2020;0
11/05/2020;0
12/05/2020;0
13/05/2020;0
14/05/2020;0
15/05/2020;0
16/05/2020;0
17/05/2020;0
18/05/2020;0
19/05/2020;0
20/05/2020;0
21/05/2020;0
22/05/2020;0
23/05/2020;0
24/05/2020;0
25/05/2020;0
26/05/2020;0
27/05/2020;0
28/05/2020;0
29/05/2020;0
30/05/2020;0
31/05/2020;0
01/06/2020;0
02/06/2020;0
03/06/2020;0
04/06/2020;0
05/06/2020;0
06/06/2020;0
07/06/2020;0
08/06/2020;0
09/06/2020;0
10/06/2020;0
11/06/2020;0
12/06/2020;0
13/06/2020;0
14/06/2020;0
15/06/2020;0
16/06/2020;0
17/06/2020;0
18/06/2020;0
19/06/2020;0
20/06/2020;0
21/06/2020;0
22/06/2020;0
23/06/2020;0
24/06/2020;0
25/06/2020;0
26/06/2020;0
27/06/2020;0
28/06/2020;0
29/06/2020;0
30/06/2020;0
01/07/2020;0
02/07/2020;0
03/07/2020;0
04/07/2020;0
05/07/2020;0
06/07/2020;0
07/07/2020;0
08/07/2020;0
09/07/2020;0
10/07/2020;0
11/07/2020;0
12/07/2020;0
13/07/2020;0
14/07/2020;0
15/07/2020;0
16/07/2020;0
17/07/2020;0
18/07/2020;0
19/07/2020;0
20/07/2020;0
21/07/2020;0
22/07/2020;0
23/07/2020;0
24/07/2020;0
25/07/2020;0
26/07/2020;0
27/07/2020;0
28/07/2020;0
29/07/2020;0
30/07/2020;0
31/07/2020;0
01/08/2020;0
02/08/2020;0
03/08/2020;0
04/08/2020;0
05/08/2020;0
06/08/2020;0
07/08/2020;0
08/08/2020;0
09/08/2020;0
10/08/2020;0
11/08/2020;0
12/08/2020;0
13/08/2020;0
14/08/2020;0
15/08/2020;0
16/08/2020;0
17/08/2020;0
18/08/2020;0
19/08/2020;0
20/08/2020;0
21/08/2020;0
22/08/2020;0
23/08/2020;0
24/08/2020;0
25/08/2020;0
26/08/2020;0
27/08/2020;0
28/08/2020;0
29/08/2020;0
30/08/2020;0
31/08/2020;0
01/09/2020;0
02/09/2020;0
03/09/2020;0
04/09/2020;0
05/09/2020;0
06/09/2020;0
07/09/2020;0
08/09/2020;0
09/09/2020;0
10/09/2020;0
11/09/2020;0
12/09/2020;0
13/09/2020;0
14/09/2020;0
15/09/2020;0
16/09/2020;0
17/09/2020;0
18/09/2020;0
19/09/2020;0
20/09/2020;0
21/09/2020;0
22/09/2020;0
23/09/2020;0
24/09/2020;0
25/09/2020;0
26/09/2020;0
27/09/2020;0
28/09/2020;0
29/09/2020;0
30/09/2020;0
01/10/2020;0
02/10/2020;0
03/10/2020;0
04/10/2020;0
05/10/2020;0
06/10/2020;0
07/10/2020;0
08/10/2020;0
09/10/2020;0
10/10/2020;0
11/10/2020;0
12/10/2020;0
13/10/2020;0
14/10/2020;0
15/10/2020;0
16/10/2020;0
17/10/2020;0
18/10/2020;0
19/10/2020;0
20/10/2020;0
21/10/2020;0
22/10/2020;0
23/10/2020;0
24/10/2020;0
25/10/2020;0
26/10/2020;0
27/10/2020;0
28/10/2020;0
29/10/2020;0
30/10/2020;0
31/10/2020;0
01/11/2020;0
02/11/2020;0
03/11/2020;5.08
04/11/2020;0
05/11/2020;0
06/11/2020;0
07/11/2020;0
08/11/2020;0
09/11/2020;0
10/11/2020;0
11/11/2020;10.92
12/11/2020;0
13/11/2020;0
14/11/2020;0
15/11/2020;4.1
16/11/2020;0.3
17/11/2020;0
18/11/2020;0
19/11/2020;0
20/11/2020;0
21/11/2020;0
22/11/2020;0
23/11/2020;0
24/11/2020;0
25/11/2020;0
26/11/2020;0
27/11/2020;0
28/11/2020;0
29/11/2020;0
30/11/2020;0
01/12/2020;0
02/12/2020;0
03/12/2020;0
04/12/2020;0
05/12/2020;0
06/12/2020;0
07/12/2020;0
08/12/2020;0
09/12/2020;0
10/12/2020;0
11/12/2020;0
12/12/2020;0
13/12/2020;0
14/12/2020;2
15/12/2020;0.25
16/12/2020;0
17/12/2020;0
18/12/2020;0
19/12/2020;0
20/12/2020;0
21/12/2020;0.3
22/12/2020;0
23/12/2020;0
24/12/2020;0
25/12/2020;0
26/12/2020;0
27/12/2020;0
28/12/2020;0.3
29/12/2020;18
30/12/2020;46
31/12/2020;6.1
01/01/2021;20.1
02/01/2021;26.9
03/01/2021;4.1
04/01/2021;0
05/01/2021;2
06/01/2021;0
07/01/2021;9.9
08/01/2021;0.3
09/01/2021;2.03
10/01/2021;9.9
11/01/2021;0
12/01/2021;17
13/01/2021;0
14/01/2021;6.1
15/01/2021;0
16/01/2021;1
17/01/2021;7.11
18/01/2021;2
19/01/2021;0
20/01/2021;6.1
21/01/2021;3.1
22/01/2021;42.9
23/01/2021;0
24/01/2021;7.1
25/01/2021;0
26/01/2021;16
27/01/2021;6.1
28/01/2021;0
29/01/2021;0
30/01/2021;0
31/01/2021;0
01/02/2021;1
02/02/2021;0.3
03/02/2021;0
04/02/2021;0
05/02/2021;0
06/02/2021;6.1
07/02/2021;0
08/02/2021;0.8
09/02/2021;3.1
10/02/2021;0
11/02/2021;0
12/02/2021;0
13/02/2021;0.5
14/02/2021;0.3
15/02/2021;0
16/02/2021;0
17/02/2021;0
18/02/2021;0
19/02/2021;0
20/02/2021;0
21/02/2021;2
22/02/2021;0
23/02/2021;0
24/02/2021;0
25/02/2021;0
26/02/2021;0.25
27/02/2021;0
28/02/2021;0
01/03/2021;0
02/03/2021;0
03/03/2021;0
04/03/2021;0
05/03/2021;0
06/03/2021;1
07/03/2021;0
08/03/2021;0
09/03/2021;0
10/03/2021;0
11/03/2021;0
12/03/2021;0
13/03/2021;0
14/03/2021;1
15/03/2021;0
16/03/2021;7.1
17/03/2021;0
18/03/2021;0
19/03/2021;0
20/03/2021;0
21/03/2021;1
22/03/2021;0
23/03/2021;1
24/03/2021;0.3
25/03/2021;0
26/03/2021;0
27/03/2021;0
28/03/2021;0
29/03/2021;8.9
30/03/2021;0
31/03/2021;3.1
01/04/2021;2
02/04/2021;0
03/04/2021;0
04/04/2021;0
05/04/2021;8.9
06/04/2021;0.3
07/04/2021;0
08/04/2021;0
09/04/2021;0
10/04/2021;0
11/04/2021;0
12/04/2021;0
13/04/2021;0
14/04/2021;0
15/04/2021;0
16/04/2021;0
17/04/2021;0
18/04/2021;0
19/04/2021;0
20/04/2021;0
21/04/2021;0
22/04/2021;0
23/04/2021;0
24/04/2021;0
25/04/2021;0
26/04/2021;0
27/04/2021;0
28/04/2021;0
29/04/2021;0
30/04/2021;0
01/05/2021;0
02/05/2021;0
03/05/2021;0
04/05/2021;0
05/05/2021;0
06/05/2021;0
07/05/2021;2
08/05/2021;0
09/05/2021;0
10/05/2021;0
11/05/2021;0
12/05/2021;0
13/05/2021;0
14/05/2021;0
15/05/2021;0
16/05/2021;0
17/05/2021;0
18/05/2021;0
19/05/2021;0
20/05/2021;0
21/05/2021;0
22/05/2021;0
23/05/2021;0
24/05/2021;0
25/05/2021;0
26/05/2021;0
27/05/2021;0
28/05/2021;0
29/05/2021;0
30/05/2021;0
31/05/2021;0
01/06/2021;0
02/06/2021;0
03/06/2021;0
04/06/2021;0
05/06/2021;0
06/06/2021;0
07/06/2021;0
08/06/2021;0
09/06/2021;0
10/06/2021;0
11/06/2021;0
12/06/2021;0
13/06/2021;0
14/06/2021;0
15/06/2021;0
16/06/2021;0
17/06/2021;0
18/06/2021;0
19/06/2021;0
20/06/2021;0
21/06/2021;0
22/06/2021;0
23/06/2021;0
24/06/2021;0
25/06/2021;0
26/06/2021;0
27/06/2021;0
28/06/2021;0
29/06/2021;0
30/06/2021;0
01/07/2021;0
02/07/2021;0
03/07/2021;0
04/07/2021;0
05/07/2021;0
06/07/2021;0
07/07/2021;0
08/07/2021;0
09/07/2021;0
10/07/2021;0
11/07/2021;0
12/07/2021;0
13/07/2021;0
14/07/2021;0
15/07/2021;0
16/07/2021;0
17/07/2021;0
18/07/2021;0
19/07/2021;0
20/07/2021;0
21/07/2021;0
22/07/2021;0
23/07/2021;0
24/07/2021;0
25/07/2021;0
26/07/2021;0
27/07/2021;0
28/07/2021;0
29/07/2021;0
30/07/2021;0
31/07/2021;0
01/08/2021;0
02/08/2021;0
03/08/2021;0
04/08/2021;0
